Time,Ax,Ay,Az
0.0,-12924,5552,13232
0.02,-12964,5632,13400
0.04,-13080,5460,13424
0.06,-13004,5448,13252
0.08,-12956,5584,13228
0.1,-13168,5452,13272
0.12,-12960,5516,13376
0.14,-13056,5600,13428
0.16,-12848,5492,13368
0.18,-13012,5516,13308
0.2,-13032,5484,13436
0.22,-12844,5516,13300
0.24,-13080,5428,13220
0.26,-12988,5460,13252
0.28,-12984,5568,13348
0.3,-13148,5548,13136
0.32,-13004,5528,13308
0.34,-13128,5512,13236
0.36,-12956,5644,13328
0.38,-13068,5520,13396
0.4,-13128,5592,13156
0.42,-13076,5476,13240
0.44,-13140,5568,13240
0.46,-12816,5460,13476
0.48,-12888,5464,13400
0.5,-13040,5392,13256
0.52,-13012,5420,13172
0.54,-13052,5472,13100
0.56,-13140,5600,13252
0.58,-13312,5800,13328
0.6,-12956,5724,13244
0.62,-12984,5632,13280
0.64,-13020,5516,13108
0.66,-12932,5496,13152
0.68,-13100,5528,13456
0.7,-13132,5484,13340
0.72,-13092,5500,13212
0.74,-12944,5476,13336
0.76,-12968,5568,13512
0.78,-12932,5560,13184
0.8,-12936,5496,13348
0.82,-13112,5552,13176
0.84,-13000,5532,13388
0.86,-12972,5476,13276
0.88,-12976,5652,13188
0.9,-12836,5556,13276
0.92,-12980,5456,13508
0.94,-12916,5500,13340
0.96,-13004,5504,13304
0.98,-13016,5600,13448
1.0,-12976,5372,13196
1.02,-13132,5404,13180
1.04,-13088,5528,13436
1.06,-13004,5484,13272
1.08,-13164,5548,13228
1.1,-13056,5492,13216
1.12,-12888,5556,13320
1.14,-13052,5720,13364
1.16,-13068,5616,13436
1.18,-13060,5544,13364
1.2,-12880,5468,13356
1.22,-13000,5496,13236
1.24,-13052,5528,13260
1.26,-12988,5548,13312
1.28,-13088,5632,13248
1.3,-13164,5664,13184
1.32,-12968,5540,13220
1.34,-13120,5464,13240
1.36,-12960,5572,13368
1.38,-13052,5648,13512
1.4,-13132,5512,13348
1.42,-12992,5392,13252
1.44,-12988,5416,13376
1.46,-12952,5440,13376
1.48,-13076,5528,13448
1.5,-12968,5528,13352
1.52,-13160,5448,13212
1.54,-12848,5396,13336
1.56,-12972,5376,13400
1.58,-13068,5464,13408
1.6,-13000,5456,13440
1.62,-13088,5432,13372
1.64,-12876,5496,13356
1.66,-12888,5488,13308
1.68,-13004,5516,13332
1.7,-13152,5464,13320
1.72,-12980,5448,13436
1.74,-13148,5476,13480
1.76,-12944,5520,13324
1.78,-12888,5440,13268
1.8,-13140,5504,13332
1.82,-12960,5488,13404
1.84,-13044,5612,13444
1.86,-13188,5592,13288
1.88,-13108,5416,13172
1.9,-12932,5444,13164
1.92,-12928,5552,13380
1.94,-13128,5508,13500
1.96,-13160,5540,13320
1.98,-13120,5504,13204
2.0,-12952,5492,13212
2.02,-13004,5488,13136
2.04,-13160,5472,13228
2.06,-13132,5560,13356
2.08,-13096,5568,13292
2.1,-13036,5512,13232
2.12,-12856,5500,13388
2.14,-12896,5488,13344
2.16,-13008,5592,13308
2.18,-13020,5484,13400
2.2,-13008,5360,13288
2.22,-12976,5416,13392
2.24,-13164,5464,13440
2.26,-12904,5496,13356
2.28,-12876,5396,13312
2.3,-12880,5396,13432
2.32,-12728,5488,13564
2.34,-12996,5356,13404
2.36,-13064,5412,13480
2.38,-13072,5556,13268
2.4,-12888,5568,13420
2.42,-12960,5520,13500
2.44,-13048,5552,13372
2.46,-12884,5508,13508
2.48,-12944,5524,13376
2.5,-12916,5412,13392
2.52,-13064,5512,13364
2.54,-13052,5556,13404
2.56,-12916,5456,13312
2.58,-12988,5568,13180
2.6,-12976,5676,13444
2.62,-12964,5528,13368
2.64,-13088,5540,13236
2.66,-13064,5484,13248
2.68,-13004,5512,13404
2.7,-13024,5492,13416
2.72,-12956,5608,13380
2.74,-13072,5516,13264
2.76,-13016,5544,13240
2.78,-13012,5560,13304
2.8,-13056,5444,13320
2.82,-13084,5624,13316
2.84,-13036,5476,13272
2.86,-13036,5408,13216
2.88,-13048,5548,13420
2.9,-13052,5452,13364
2.92,-12988,5416,13176
2.94,-12660,5368,13380
2.96,-12560,5392,13640
2.98,-12860,5528,13572
3.0,-13192,5512,13388
3.02,-13148,5472,13104
3.04,-12796,5516,13204
3.06,-12816,5512,13336
3.08,-12936,5556,13644
3.1,-13112,5612,13776
3.12,-12972,5536,13204
3.14,-12964,5400,13248
3.16,-12892,5492,13344
3.18,-13060,5592,13456
3.2,-12984,5524,13676
3.22,-12960,5600,13528
3.24,-12928,5588,13352
3.26,-12824,5456,13284
3.28,-12868,5456,13408
3.3,-12952,5536,13384
3.32,-13116,5556,13480
3.34,-13092,5552,13252
3.36,-12888,5552,13320
3.38,-13092,5572,13552
3.4,-12956,5600,13548
3.42,-13144,5524,13384
3.44,-12956,5444,13160
3.46,-12792,5384,13400
3.48,-12812,5480,13516
3.5,-13016,5664,13496
3.52,-13128,5600,13404
3.54,-13148,5476,13132
3.56,-12900,5364,13140
3.58,-12996,5468,13324
3.6,-13040,5580,13564
3.62,-12968,5488,13632
3.64,-12808,5488,13320
3.66,-12832,5512,13540
3.68,-13032,5400,13384
3.7,-13124,5392,13508
3.72,-13144,5400,13324
3.74,-12948,5352,13400
3.76,-12876,5480,13344
3.78,-12920,5504,13616
3.8,-12916,5580,13440
3.82,-12872,5440,13260
3.84,-12828,5440,13200
3.86,-12876,5604,13316
3.88,-13048,5492,13376
3.9,-12992,5560,13512
3.92,-12880,5480,13448
3.94,-12800,5460,13332
3.96,-13032,5644,13392
3.98,-12964,5696,13656
4.0,-13224,5436,13312
4.02,-13044,5388,13012
4.04,-12932,5408,13140
4.06,-12740,5440,13616
4.08,-12852,5528,13660
4.1,-12984,5592,13672
4.12,-13084,5448,13348
4.14,-12976,5516,13016
4.16,-12948,5580,13132
4.18,-13136,5672,13240
4.2,-13132,5772,13548
4.22,-12992,5652,13384
4.24,-12968,5440,13220
4.26,-12856,5372,13176
4.28,-12976,5568,13508
4.3,-13032,5492,13408
4.32,-12984,5508,13328
4.34,-13028,5600,13252
4.36,-12944,5488,13188
4.38,-12948,5452,13296
4.4,-12928,5388,13432
4.42,-12960,5508,13484
4.44,-13044,5416,13440
4.46,-12920,5460,13300
4.48,-12836,5592,13420
4.5,-12796,5508,13364
4.52,-13120,5468,13504
4.54,-13008,5588,13392
4.56,-12824,5428,13164
4.58,-13048,5372,13312
4.6,-12968,5480,13344
4.62,-13004,5604,13448
4.64,-12960,5428,13452
4.66,-12896,5492,13124
4.68,-12824,5576,13284
4.7,-13056,5576,13380
4.72,-13076,5592,13400
4.74,-13156,5732,13296
4.76,-12852,5492,13344
4.78,-12888,5540,13360
4.8,-13184,5532,13468
4.82,-13088,5700,13428
4.84,-12836,5492,13368
4.86,-12816,5316,13312
4.88,-12868,5404,13196
4.9,-13152,5692,13360
4.92,-13036,5636,13240
4.94,-13128,5700,13212
4.96,-12904,5632,13400
4.98,-13092,5532,13404
5.0,-12996,5540,13288
5.02,-12988,5528,13348
5.04,-12948,5532,13296
5.06,-12952,5544,13368
5.08,-13016,5552,13332
5.1,-12928,5556,13300
5.12,-13024,5560,13412
5.14,-13052,5420,13184
5.16,-12908,5524,13324
5.18,-12980,5464,13396
5.2,-12984,5484,13268
5.22,-12720,5592,13412
5.24,-12968,5548,13196
5.26,-12932,5556,13304
5.28,-13004,5580,13240
5.3,-13100,5532,13256
5.32,-13032,5572,13428
5.34,-12940,5624,13356
5.36,-12904,5508,13376
5.38,-12836,5580,13428
5.4,-12988,5536,13392
5.42,-13132,5540,13216
5.44,-13148,5460,13308
5.46,-13084,5616,13348
5.48,-12980,5560,13440
5.5,-12924,5416,13372
5.52,-12936,5420,13216
5.54,-13028,5540,13248
5.56,-13136,5584,13232
5.58,-13156,5832,13260
5.6,-13180,5732,13248
5.62,-12988,5544,13204
5.64,-12848,5356,13372
5.66,-12912,5496,13316
5.68,-13196,5576,13396
5.7,-13104,5648,13320
5.72,-12928,5508,13208
5.74,-12992,5440,13144
5.76,-12756,5588,13424
5.78,-13024,5440,13508
5.8,-12932,5440,13404
5.82,-13084,5504,13336
5.84,-13040,5496,13220
5.86,-12904,5592,13380
5.88,-13000,5592,13280
5.9,-12948,5556,13412
5.92,-12880,5508,13252
5.94,-12884,5572,13396
5.96,-13036,5536,13328
5.98,-12996,5440,13244
6.0,-12972,5452,13392
6.02,-13112,5556,13464
6.04,-12956,5612,13324
6.06,-12928,5520,13344
6.08,-13008,5684,13332
6.1,-13052,5536,13372
6.12,-13080,5476,13300
6.14,-13100,5484,13188
6.16,-12932,5508,13408
6.18,-13024,5560,13208
6.2,-12984,5520,13420
6.22,-13004,5632,13124
6.24,-13012,5492,13368
6.26,-12992,5432,13340
6.28,-13056,5436,13084
6.3,-13004,5420,13276
6.32,-13052,5680,13420
6.34,-13012,5660,13376
6.36,-13112,5488,13168
6.38,-13132,5564,13096
6.4,-13144,5480,13252
6.42,-12976,5572,13308
6.44,-13044,5476,13256
6.46,-12996,5484,13320
6.48,-12980,5436,13248
6.5,-12976,5528,13480
6.52,-13124,5456,13384
6.54,-13016,5552,13320
6.56,-12932,5424,13220
6.58,-12912,5364,13344
6.6,-13056,5524,13376
6.62,-12992,5476,13284
6.64,-12944,5424,13172
6.66,-12872,5388,13308
6.68,-13040,5476,13296
6.7,-13120,5544,13508
6.72,-13036,5480,13416
6.74,-13024,5408,13348
6.76,-12948,5568,13440
6.78,-12948,5488,13352
6.8,-13096,5504,13256
6.82,-12948,5592,13208
6.84,-12956,5464,13176
6.86,-13184,5608,13272
6.88,-12996,5612,13348
6.9,-12960,5532,13220
6.92,-12988,5468,13336
6.94,-12912,5524,13184
6.96,-12880,5464,13316
6.98,-13016,5316,13228
7.0,-13048,5488,13276
7.02,-13060,5504,13376
7.04,-13064,5604,13224
7.06,-13000,5560,13192
7.08,-13124,5524,13296
7.1,-12944,5440,13448
7.12,-13056,5476,13340
7.14,-12976,5452,13252
7.16,-13068,5428,13348
7.18,-12908,5464,13348
7.2,-12924,5424,13452
7.22,-12888,5448,13272
7.24,-13048,5356,13264
7.26,-12920,5412,13348
7.28,-12968,5404,13264
7.3,-12920,5428,13464
7.32,-12964,5524,13316
7.34,-12944,5452,13244
7.36,-13056,5392,13440
7.38,-12928,5356,13428
7.4,-13004,5420,13400
7.42,-13076,5448,13248
7.44,-13024,5424,13308
7.46,-12988,5520,13280
7.48,-13032,5448,13304
7.5,-13064,5640,13388
7.52,-12928,5460,13344
7.54,-13004,5472,13268
7.56,-13016,5576,13428
7.58,-12876,5384,13288
7.6,-13064,5512,13280
7.62,-13000,5520,13532
7.64,-13056,5628,13512
7.66,-13168,5476,13340
7.68,-12960,5520,13364
7.7,-12924,5352,13400
7.72,-13152,5360,13292
7.74,-12996,5404,13428
7.76,-12944,5460,13492
7.78,-12896,5512,13304
7.8,-12988,5612,13332
7.82,-12960,5484,13340
7.84,-12964,5528,13328
7.86,-13104,5528,13320
7.88,-13088,5508,13308
7.9,-12984,5484,13144
7.92,-12888,5416,13232
7.94,-13096,5524,13292
7.96,-13032,5500,13408
7.98,-12884,5432,13404
8.0,-12912,5524,13316
8.02,-12912,5424,13372
8.04,-13072,5232,13380
8.06,-12972,5328,13244
8.08,-13192,5552,13348
8.1,-13092,5476,13240
8.12,-13040,5424,13196
8.14,-12948,5604,13264
8.16,-12832,5496,13512
8.18,-12852,5440,13472
8.2,-12964,5372,13332
8.22,-12972,5504,13340
8.24,-12924,5368,13224
8.26,-13148,5496,13172
8.28,-12992,5536,13308
8.3,-12948,5504,13384
8.32,-13092,5396,13328
8.34,-12972,5464,13376
8.36,-12952,5544,13352
8.38,-12964,5536,13440
8.4,-13048,5540,13184
8.42,-12904,5556,13364
8.44,-13052,5460,13304
8.46,-13124,5564,13304
8.48,-12912,5368,13360
8.5,-12900,5444,13296
8.52,-12920,5532,13264
8.54,-12892,5480,13360
8.56,-13052,5500,13216
8.58,-13060,5584,13264
8.6,-13184,5460,13132
8.62,-12912,5620,13528
8.64,-12788,5604,13336
8.66,-12956,5512,13320
8.68,-12928,5384,13312
8.7,-13056,5456,13224
8.72,-13096,5316,13252
8.74,-13132,5384,13340
8.76,-12944,5472,13368
8.78,-12916,5476,13416
8.8,-12900,5496,13336
8.82,-13044,5504,13384
8.84,-13068,5428,13316
8.86,-13072,5512,13404
8.88,-13044,5528,13424
8.9,-12912,5440,13376
8.92,-13176,5548,13384
8.94,-12904,5452,13384
8.96,-12988,5556,13320
8.98,-12952,5560,13276
9.0,-12948,5592,13252
9.02,-13048,5472,13276
9.04,-12964,5488,13392
9.06,-13252,5516,13468
9.08,-13048,5628,13428
9.1,-12972,5480,13236
9.12,-13100,5464,13232
9.14,-13016,5512,13348
9.16,-12968,5616,13476
9.18,-12792,5316,13396
9.2,-13048,5552,13308
9.22,-13128,5536,13320
9.24,-13072,5608,13324
9.26,-13132,5568,13288
9.28,-13104,5624,13196
9.3,-13116,5464,13344
9.32,-12984,5368,13420
9.34,-13044,5504,13472
9.36,-12824,5596,13576
9.38,-13004,5368,13116
9.4,-12956,5232,12944
9.42,-13060,5384,13296
9.44,-13088,5596,13388
9.46,-12796,5652,13364
9.48,-12780,5512,13340
9.5,-13056,5476,13224
9.52,-13244,5464,13368
9.54,-13024,5440,13240
9.56,-13044,5552,13320
9.58,-12956,5560,13368
9.6,-12960,5584,13248
9.62,-13024,5548,13372
9.64,-13188,5572,13148
9.66,-13016,5492,13248
9.68,-13088,5572,13232
9.7,-13088,5632,13292
9.72,-12988,5628,13280
9.74,-13164,5460,13468
9.76,-13028,5524,13464
9.78,-12924,5404,13368
9.8,-12928,5476,13236
9.82,-13012,5528,13192
9.84,-13136,5580,13124
9.86,-13372,5680,13292
9.88,-13208,5796,13500
9.9,-13000,5748,13272
9.92,-12936,5520,13160
9.94,-13008,5412,13196
9.96,-12932,5500,13260
9.98,-13096,5576,13356
10.0,-12968,5556,13372
10.02,-12848,5416,13372
10.04,-13128,5452,13220
10.06,-13072,5452,13180
10.08,-13064,5584,13272
10.1,-12924,5488,13292
10.12,-12980,5440,13176
10.14,-13028,5480,13192
10.16,-12956,5492,13524
10.18,-13080,5596,13340
10.2,-13076,5472,13196
10.22,-13068,5464,13100
10.24,-13068,5484,13260
10.26,-13092,5540,13328
10.28,-13068,5604,13440
10.3,-13024,5496,13428
10.32,-12940,5540,13344
10.34,-12960,5544,13128
10.36,-13060,5568,13028
10.38,-13176,5548,13040
10.4,-13104,5516,13272
10.42,-13092,5648,13312
10.44,-12980,5572,13340
10.46,-12844,5372,13384
10.48,-13024,5380,13124
10.5,-13216,5584,13168
10.52,-13148,5608,13264
10.54,-12944,5632,13212
10.56,-12972,5480,13152
10.58,-13008,5564,13212
10.6,-13060,5544,13268
10.62,-13184,5540,13400
10.64,-13124,5352,13132
10.66,-12956,5480,13116
10.68,-13008,5460,13316
10.7,-12936,5388,13384
10.72,-12772,5328,13340
10.74,-12924,5404,13424
10.76,-13076,5392,13368
10.78,-12976,5572,13288
10.8,-13120,5464,13164
10.82,-13152,5568,13112
10.84,-12940,5520,13344
10.86,-13084,5472,13260
10.88,-12908,5404,13372
10.9,-13084,5412,13204
10.92,-13132,5568,13340
10.94,-13104,5488,13316
10.96,-13100,5492,13280
10.98,-13012,5580,13328
11.0,-12964,5476,13224
11.02,-13064,5504,13360
11.04,-13068,5456,13412
11.06,-13092,5468,13276
11.08,-13112,5536,13180
11.1,-13068,5476,13224
11.12,-13080,5456,13220
11.14,-13096,5496,13300
11.16,-13116,5624,13356
11.18,-13196,5564,13400
11.2,-13036,5412,13124
11.22,-12828,5472,13172
11.24,-12996,5472,13244
11.26,-13180,5560,13500
11.28,-13100,5628,13328
11.3,-13020,5700,13176
11.32,-13108,5640,13172
11.34,-13084,5572,13268
11.36,-13156,5580,13448
11.38,-13028,5448,13164
11.4,-12916,5336,13280
11.42,-12964,5468,13196
11.44,-13092,5524,13348
11.46,-13152,5480,13392
11.48,-13052,5460,13388
11.5,-12940,5432,13248
11.52,-12868,5536,13072
11.54,-13044,5536,13416
11.56,-12948,5412,13404
11.58,-13064,5372,13224
11.6,-12968,5460,13284
11.62,-12944,5464,13112
11.64,-12940,5428,13396
11.66,-12992,5444,13440
11.68,-12948,5560,13412
11.7,-13048,5348,13312
11.72,-13020,5404,13148
11.74,-13008,5424,13204
11.76,-13076,5532,13224
11.78,-13064,5444,13412
11.8,-13136,5516,13384
11.82,-13036,5452,13164
11.84,-13152,5416,13228
11.86,-12988,5468,13448
11.88,-12984,5504,13220
11.9,-13220,5548,13252
11.92,-13052,5492,13340
11.94,-13140,5460,13260
11.96,-13072,5292,13288
11.98,-13072,5404,13296
12.0,-13164,5536,13460
12.02,-12968,5456,13204
12.04,-13004,5520,13360
12.06,-13144,5536,13288
12.08,-13056,5628,13212
12.1,-13016,5440,13284
12.12,-13004,5408,13232
12.14,-12932,5444,13288
12.16,-12904,5412,13188
12.18,-12992,5376,13308
12.2,-13172,5524,13392
12.22,-13144,5576,13388
12.24,-13060,5532,13164
12.26,-12976,5316,13204
12.28,-12944,5372,13268
12.3,-12876,5532,13364
12.32,-13072,5560,13532
12.34,-13076,5672,13608
12.36,-13020,5508,13420
12.38,-13152,5456,13408
12.4,-12900,5548,13448
12.42,-12960,5412,13332
12.44,-12800,5260,13276
12.46,-13088,5548,13708
12.48,-12972,5568,13788
12.5,-12896,5488,13596
12.52,-12788,5336,13556
12.54,-12752,5208,13724
12.56,-12536,5276,13752
12.58,-12784,5360,14008
12.6,-12832,5564,13820
12.62,-12760,5596,13956
12.64,-12684,5572,14116
12.66,-12600,5448,14176
12.68,-12692,5420,14184
12.7,-12796,5452,14320
12.72,-13004,5304,14260
12.74,-12912,5436,14616
12.76,-12912,5284,14492
12.78,-12928,5080,14540
12.8,-12712,5172,14440
12.82,-12592,5304,14392
12.84,-12316,5304,14432
12.86,-11772,5388,14680
12.88,-11448,5464,14888
12.9,-11396,5368,14980
12.92,-11452,5480,14948
12.94,-11136,5500,14988
12.96,-11060,5472,15248
12.98,-10824,5616,15700
13.0,-10728,5616,15796
13.02,-10812,5592,16100
13.04,-10760,5820,16232
13.06,-11068,5784,16416
13.08,-10880,5864,16484
13.1,-10652,5880,16816
13.12,-10396,5956,17228
13.14,-10136,5804,17216
13.16,-9736,5816,17204
13.18,-9124,5684,17192
13.2,-9092,5696,17432
13.22,-8432,5636,17252
13.24,-8344,5628,17320
13.26,-8324,5780,17652
13.28,-7800,5516,17976
13.3,-7792,5172,18368
13.32,-8320,4836,18460
13.34,-8572,4892,18192
13.36,-7748,4932,17884
13.38,-7256,5000,17704
13.4,-7240,5292,17868
13.42,-7756,5460,17920
13.44,-8008,5628,18080
13.46,-7620,5268,18144
13.48,-7096,4760,17720
13.5,-6720,5400,17948
13.52,-7996,4968,18604
13.54,-8656,5084,17868
13.56,-7960,5052,17752
13.58,-7584,4752,17148
13.6,-7592,4184,17200
13.62,-7556,3548,17564
13.64,-7116,3220,18068
13.66,-8388,2612,17644
13.68,-8812,2444,17956
13.7,-7084,3324,18688
13.72,-6176,3968,19496
13.74,-4680,4760,20416
13.76,-1624,5900,21396
13.78,-508,6136,21780
13.8,-316,6544,21688
13.82,-788,6212,22240
13.84,392,7000,22456
13.86,884,6480,23136
13.88,-256,7480,24056
13.9,-4568,10224,24976
13.92,-10060,7424,25984
13.94,-3080,11788,25012
13.96,1980,12300,22944
13.98,468,10636,20372
14.0,-1912,8660,19060
14.02,-1600,7652,18512
14.04,-1212,6772,17600
14.06,-1860,4492,16440
14.08,-3224,2788,16844
14.1,-3500,2344,17488
14.12,-2188,1604,18308
14.14,-1024,1576,17076
14.16,-1256,604,15008
14.18,-2304,-784,14536
14.2,-1960,-1356,14704
14.22,-2924,-956,16096
14.24,-2700,-1256,15584
14.26,-2036,-2176,14776
14.28,-4580,-1576,14104
14.3,-8660,-1108,14548
14.32,-15268,-2128,17008
14.34,-10480,-3080,17212
14.36,-5816,456,17240
14.38,-5576,1560,14964
14.4,-7532,1096,11792
14.42,-10168,1660,11720
14.44,-9832,5924,13072
14.46,-8876,6188,12676
14.48,-10656,5784,11980
14.5,-15700,6428,11236
14.52,-18212,2420,17292
14.54,-16948,8256,21684
14.56,-13740,10232,25804
14.58,-13416,12004,26972
14.6,-4688,13964,26008
14.62,1260,12428,22732
14.64,2392,11632,19860
14.66,-440,11836,22772
14.68,-3828,11948,23332
14.7,-7108,11272,19000
14.72,-7656,11176,13004
14.74,-8968,12088,10668
14.76,-10916,12424,11936
14.78,-8052,13364,14664
14.8,-7376,13916,14008
14.82,-8596,14736,13864
14.84,-9052,14840,12716
14.86,-6752,15284,12580
14.88,-7008,13560,11568
14.9,-8880,12568,10680
14.92,-9316,13472,10744
14.94,-6220,12468,10836
14.96,-8200,13248,10540
14.98,-7420,13668,11204
15.0,-7368,13524,11152
15.02,-7872,13836,10716
15.04,-8044,13300,10912
15.06,-8388,13152,11508
15.08,-8212,13232,12756
15.1,-7296,13324,13512
15.12,-6884,14128,13084
15.14,-6736,13452,13176
15.16,-6772,13324,13480
15.18,-5576,13376,13864
15.2,-6500,12764,11844
15.22,-6356,12512,13300
15.24,-5944,13064,14484
15.26,-5416,13468,13876
15.28,-5964,14096,13328
15.3,-4260,14136,14124
15.32,-4220,14428,14452
15.34,-5032,13576,12108
15.36,-4548,14100,11676
15.38,-4828,14108,12152
15.4,-4156,13488,12936
15.42,-3280,14324,13060
15.44,-3896,15324,11668
15.46,-3872,15176,11196
15.48,-2204,14784,11252
15.5,-404,13344,11884
15.52,-1424,13012,12648
15.54,-3068,14020,13156
15.56,-3088,14252,14120
15.58,-3356,14584,14072
15.6,-1848,14368,13212
15.62,-1180,15244,12716
15.64,-500,16000,12392
15.66,60,14488,11428
15.68,-1344,14296,11240
15.7,-2228,14428,11784
15.72,-2012,15592,12528
15.74,-1796,15984,12584
15.76,-652,17008,12260
15.78,2724,16680,12168
15.8,3172,15716,11112
15.82,256,15260,10292
15.84,-1596,14836,9616
15.86,-1632,15884,10476
15.88,-1980,17012,11900
15.9,-1552,17596,12976
15.92,352,18340,13992
15.94,2304,17644,11400
15.96,1652,15868,10144
15.98,60,16504,11096
16.0,-3068,17080,12820
16.02,-6668,16744,14276
16.04,-10004,14628,13120
16.06,-10452,13368,10840
16.08,-8808,13464,11476
16.1,-8020,13048,13024
16.12,-11568,11860,14080
16.14,-12052,11188,15000
16.16,-12764,10244,11212
16.18,-8504,9560,9092
16.2,-5096,8832,8464
16.22,-5892,10208,10824
16.24,-5468,12744,12176
16.26,-7116,14036,12036
16.28,-14828,15760,13452
16.3,-13260,14664,12992
16.32,-7336,14660,12108
16.34,-6320,13216,13292
16.36,-7712,13436,13716
16.38,-5252,12088,13200
16.4,-2560,9696,12724
16.42,-1840,7644,12948
16.44,-4368,7432,13616
16.46,-7144,8264,14120
16.48,-7444,8100,13024
16.5,-8388,9112,10764
16.52,-10272,8692,8072
16.54,-7404,8724,7632
16.56,-2040,11500,9880
16.58,-16,13736,13240
16.6,-280,14064,13556
16.62,-764,13836,13836
16.64,-2316,12712,15560
16.66,-4820,15252,17764
16.68,-8312,14188,19260
16.7,-9304,15256,20344
16.72,-6232,13812,20348
16.74,-6136,13696,15228
16.76,-6716,14540,11512
16.78,-6440,14456,9444
16.8,-4460,14392,8660
16.82,-736,15292,11472
16.84,2744,15828,13972
16.86,2124,16420,13828
16.88,-644,16864,11300
16.9,-2216,17160,10056
16.92,-4276,17736,9588
16.94,-4696,15904,8132
16.96,-3444,14840,6952
16.98,-3496,15288,8068
17.0,-3660,13480,10032
17.02,-9412,14972,11312
17.04,-8584,13384,11268
17.06,-5704,12772,10732
17.08,-5908,14128,6808
17.1,-4780,16768,4232
17.12,-3948,20084,8092
17.14,236,19848,6084
17.16,-1496,17832,1888
17.18,-1960,17900,472
17.2,-2540,18372,3128
17.22,-728,17052,3928
17.24,968,15924,1824
17.26,-1344,17504,-548
17.28,1660,19308,-3084
17.3,-1836,19728,1616
17.32,-72,21000,1584
17.34,-3416,23400,3604
17.36,-152,23592,2164
17.38,1428,22780,-4408
17.4,2056,24872,-5268
17.42,1704,26440,-2952
17.44,1148,26232,-1556
17.46,-3824,23856,2016
17.48,3388,22280,1992
17.5,8836,21012,1536
17.52,8988,19776,2044
17.54,7968,19288,1392
17.56,9784,18096,620
17.58,7800,16508,1380
17.6,2828,16184,2104
17.62,-1116,17296,1756
17.64,-3040,16948,1620
17.66,-2896,16260,2148
17.68,-2868,15856,2996
17.7,-2856,15964,3872
17.72,-2228,17088,3524
17.74,-1260,16888,2940
17.76,-1616,15488,2524
17.78,-2908,15016,2704
17.8,-3384,15004,2800
17.82,-2484,14184,2992
17.84,-2180,13408,3468
17.86,-2864,14196,4108
17.88,-2844,14700,4048
17.9,-1920,13500,3864
17.92,-1904,11752,3772
17.94,-3580,10768,3996
17.96,-5960,10544,4508
17.98,-7928,10676,4876
18.0,-9152,10916,5512
18.02,-9344,11228,5884
18.04,-8940,11188,6276
18.06,-8736,11096,6492
18.08,-9096,11156,6708
18.1,-8888,11044,6824
18.12,-8228,10352,6472
18.14,-7860,9468,6592
18.16,-8764,9316,7224
18.18,-10624,9296,7780
18.2,-11876,9312,8152
18.22,-12752,9636,8176
18.24,-12400,9892,8164
18.26,-11020,9976,8424
18.28,-9624,9640,8796
18.3,-8664,9080,9028
18.32,-7752,9180,9008
18.34,-7348,9352,8912
18.36,-8264,10192,9224
18.38,-8340,10804,9452
18.4,-7800,12020,9596
18.42,-7056,14948,9292
18.44,-6084,18560,8372
18.46,-4844,21168,7480
18.48,-4832,20928,6848
18.5,-6328,17884,6168
18.52,-8500,14872,6600
18.54,-10892,12732,8340
18.56,-13012,13816,10432
18.58,-12680,17000,10392
18.6,-10124,19852,9436
18.62,-6768,21488,7764
18.64,-5008,21364,6716
18.66,-3748,17712,6716
18.68,-3348,15132,7292
18.7,-4764,14332,7852
18.72,-6408,12916,7932
18.74,-7732,11764,7788
18.76,-8820,11528,7300
18.78,-8904,12164,6896
18.8,-7556,12592,7312
18.82,-6240,12704,7888
18.84,-5836,13072,8624
18.86,-6072,14196,8564
18.88,-6708,15192,7980
18.9,-7120,15048,7616
18.92,-7684,14580,7616
18.94,-8216,14532,8708
18.96,-8448,14196,9280
18.98,-8300,14112,9548
19.0,-8760,14564,10116
19.02,-9244,15112,10612
19.04,-9084,15656,10972
19.06,-8396,16008,11052
19.08,-7852,16884,11048
19.1,-8144,19112,11748
19.12,-8704,21132,12964
19.14,-8756,21544,13764
19.16,-7904,19724,13268
19.18,-6596,17824,11992
19.2,-5968,17356,11456
19.22,-6064,19220,11596
19.24,-5624,20776,12096
19.26,-5100,21644,11632
19.28,-5096,21496,10544
19.3,-5508,20336,9848
19.32,-5636,19464,9048
19.34,-5384,18328,8840
19.36,-5380,17436,7876
19.38,-5288,16716,7920
19.4,-5148,16356,7244
19.42,-4884,15156,6580
19.44,-5112,13668,6016
19.46,-5432,12508,5868
19.48,-6164,12648,6748
19.5,-5988,12728,7236
19.52,-5156,12464,7364
19.54,-4344,11980,7120
19.56,-4112,12088,7020
19.58,-4284,12668,7160
19.6,-4116,12404,7152
19.62,-4012,11556,7276
19.64,-4464,10752,7728
19.66,-4820,10828,8208
19.68,-4564,12216,8208
19.7,-4764,14704,8192
19.72,-4740,15572,7600
19.74,-4816,15876,7436
19.76,-5852,16376,7612
19.78,-7340,16280,8460
19.8,-7792,16468,9580
19.82,-7700,18336,10120
19.84,-7268,20256,9692
19.86,-6448,21180,8564
19.88,-5716,22616,7036
19.9,-5356,23684,6324
19.92,-5360,22336,6448
19.94,-6740,20040,6488
19.96,-8732,17652,6140
19.98,-10024,15988,5512
20.0,-11288,15096,5076
20.02,-12036,15268,5060
20.04,-11628,16412,5656
20.06,-10388,16048,6996
20.08,-8996,15028,7312
20.1,-7592,14744,7192
20.12,-7428,14016,7148
20.14,-7908,13280,6820
20.16,-9096,13680,7200
20.18,-10840,14340,8484
20.2,-12052,14036,10016
20.22,-12172,14476,10524
20.24,-11476,14704,9948
20.26,-10808,14292,10196
20.28,-10640,15144,11052
20.3,-10456,16696,12192
20.32,-10784,19636,14204
20.34,-11980,22300,15452
20.36,-10572,22580,13728
20.38,-7864,21544,11480
20.4,-6804,18264,10612
20.42,-6880,17036,10748
20.44,-7036,18600,10896
20.46,-7484,20088,10688
20.48,-7976,22092,10124
20.5,-7236,24368,9120
20.52,-4668,24124,7624
20.54,-3648,22788,6456
20.56,-3908,22112,6432
20.58,-4300,22020,6528
20.6,-4752,21024,6852
20.62,-5640,20052,6772
20.64,-6244,18572,5440
20.66,-5604,16596,4020
20.68,-5944,15368,2980
20.7,-6880,14628,2712
20.72,-6864,14408,3108
20.74,-6256,14092,3660
20.76,-5908,13396,4176
20.78,-5464,12756,4844
20.8,-4880,11704,4548
20.82,-4628,10624,4252
20.84,-5296,10556,4580
20.86,-6276,10356,5336
20.88,-6816,9648,6876
20.9,-7644,9672,8556
20.92,-8812,11516,10088
20.94,-9432,11680,10216
20.96,-9988,11016,10604
20.98,-11892,8700,12228
21.0,-14848,7016,14488
21.02,-17952,8392,15528
21.04,-19580,9716,15172
21.06,-18684,10188,15040
21.08,-17372,9576,14948
21.1,-17940,8176,14620
21.12,-18492,5748,13860
21.14,-18120,3572,13464
21.16,-17604,1696,13112
21.18,-16664,268,12224
21.2,-16292,-48,11596
21.22,-16212,340,10812
21.24,-16488,1400,10888
21.26,-17224,3016,11524
21.28,-17480,4372,11512
21.3,-17728,4296,11956
21.32,-16996,3680,13328
21.34,-16308,3748,13340
21.36,-16640,4172,12628
21.38,-17420,5092,14332
21.4,-17412,7004,15492
21.42,-16168,6756,14240
21.44,-14172,6316,12432
21.46,-15572,7636,11016
21.48,-18584,12096,10816
21.5,-16696,14996,9332
21.52,-14148,17328,10048
21.54,-14100,14992,10788
21.56,-11788,11252,10144
21.58,-8976,9956,9076
21.6,-8656,10280,9524
21.62,-12252,11324,9868
21.64,-12844,11296,6936
21.66,-12120,9724,5656
21.68,-11392,10192,4968
21.7,-11332,11908,4600
21.72,-9760,12368,3948
21.74,-9288,13108,4376
21.76,-9940,12796,4936
21.78,-11220,12396,3036
21.8,-10888,10828,4244
21.82,-10664,11268,5736
21.84,-14912,11256,8076
21.86,-10408,7772,12492
21.88,-10476,5016,11152
21.9,-22644,2364,9600
21.92,-28108,1208,7776
21.94,-17468,2680,7880
21.96,-11216,3444,7276
21.98,-13308,5092,5092
22.0,-13160,6872,4596
22.02,-14260,5788,7124
22.04,-16496,1684,6952
22.06,-17284,2400,5752
22.08,-15428,3808,5408
22.1,-14356,1184,6300
22.12,-13852,868,6772
22.14,-14568,1732,7144
22.16,-16568,2512,7072
22.18,-16456,2592,8092
22.2,-13724,1884,8816
22.22,-13132,1704,8704
22.24,-13896,1608,9508
22.26,-14140,1628,9500
22.28,-13372,1904,9500
22.3,-11884,1936,9308
22.32,-8540,2280,9904
22.34,-7696,2448,9572
22.36,-9560,3740,11412
22.38,-10796,4608,11272
22.4,-11772,6024,11356
22.42,-15000,8700,10192
22.44,-21984,10948,8896
22.46,-26188,8900,9772
22.48,-23020,6832,11316
22.5,-19928,5584,11416
22.52,-19560,4936,10044
22.54,-22576,4564,9376
22.56,-22776,4096,9156
22.58,-19744,4720,10172
22.6,-17500,5204,9584
22.62,-16892,5384,9172
22.64,-17112,5512,8496
22.66,-16876,5788,7852
22.68,-16300,6208,7908
22.7,-15680,6240,8292
22.72,-15256,6144,8120
22.74,-14768,6280,7876
22.76,-14800,6460,7816
22.78,-15016,6440,7936
22.8,-15020,6420,7684
22.82,-15016,6656,7676
22.84,-15096,7072,7572
22.86,-14844,7264,7632
22.88,-14200,7452,7412
22.9,-13792,7628,7576
22.92,-13772,7808,7748
22.94,-13716,8372,7580
22.96,-13724,9096,7548
22.98,-14132,10388,7564
23.0,-14188,11264,7480
23.02,-13740,12168,7672
23.04,-12860,12432,7848
23.06,-11384,11652,8088
23.08,-9852,10804,8052
23.1,-8612,10608,8104
23.12,-8060,11096,8712
23.14,-7524,12712,8900
23.16,-6556,14344,8768
23.18,-5512,15580,8700
23.2,-5000,16436,8876
23.22,-4936,16840,8772
23.24,-5108,16788,8616
23.26,-5544,15768,8592
23.28,-5768,15276,8312
23.3,-6092,15316,8600
23.32,-6212,15136,8568
23.34,-6060,15100,8820
23.36,-5952,15888,8944
23.38,-5744,16144,8548
23.4,-5188,16604,8488
23.42,-4416,17004,8840
23.44,-4200,16552,8960
23.46,-4536,15768,8524
23.48,-4800,15560,8520
23.5,-5400,15136,8588
23.52,-5984,14556,8780
23.54,-6200,14368,9076
23.56,-5928,14500,9372
23.58,-5376,14512,9468
23.6,-4988,14500,9512
23.62,-5092,14588,9472
23.64,-5300,15104,9476
23.66,-5532,15184,9444
23.68,-6248,15288,9468
23.7,-6756,17392,10236
23.72,-7360,19852,10908
23.74,-7728,21864,11728
23.76,-7596,21740,12280
23.78,-7680,19732,12100
23.8,-7488,17512,11416
23.82,-6432,16488,10416
23.84,-5356,16904,9896
23.86,-4684,18140,9420
23.88,-4208,18464,9096
23.9,-4776,17312,8348
23.92,-5512,16120,7852
23.94,-6016,16704,8328
23.96,-5480,16652,8108
23.98,-5956,14328,6324
24.0,-6540,13396,6356
24.02,-7096,13388,6828
24.04,-6772,14092,7104
24.06,-5756,13724,6444
24.08,-5096,12712,6328
24.1,-5116,11912,6188
24.12,-5176,11856,6556
24.14,-5156,11844,6840
24.16,-5360,12180,6532
24.18,-5676,12156,6392
24.2,-6280,12304,6640
24.22,-6640,12632,7220
24.24,-6972,12976,7636
24.26,-7352,12952,8068
24.28,-8004,12608,8368
24.3,-9116,12072,8868
24.32,-9120,11672,9396
24.34,-9684,13792,9960
24.36,-10784,16600,10152
24.38,-11144,17784,11088
24.4,-10240,17056,11704
24.42,-9428,16656,12380
24.44,-9488,16900,13048
24.46,-10952,16528,13324
24.48,-10724,14052,11876
24.5,-8176,12196,12628
24.52,-6536,9552,12540
24.54,-7332,7780,11452
24.56,-7828,7900,11328
24.58,-8432,8436,11272
24.6,-8060,9356,10824
24.62,-7384,10324,10632
24.64,-7072,11428,10620
24.66,-7764,12792,11000
24.68,-8052,12832,10532
24.7,-7928,12660,10680
24.72,-7880,12972,11324
24.74,-7940,14312,11968
24.76,-7732,15960,12228
24.78,-7972,17592,12252
24.8,-8908,19460,12376
24.82,-8832,23316,12808
24.84,-7816,26572,13704
24.86,-6356,26152,13948
24.88,-5752,21788,13164
24.9,-6228,19112,12576
24.92,-7564,20568,12192
24.94,-6860,21408,11288
24.96,-5336,21620,10160
24.98,-4480,21536,9432
25.0,-3684,20908,8828
25.02,-3320,20056,8208
25.04,-3808,18160,7552
25.06,-4360,16064,7144
25.08,-5004,14792,6844
25.1,-5540,14628,7280
25.12,-6136,14508,7844
25.14,-5728,13620,7692
25.16,-4524,13112,7216
25.18,-3800,12764,6744
25.2,-3440,12796,7084
25.22,-2856,12184,7316
25.24,-2420,11252,6836
25.26,-2876,10188,6384
25.28,-4320,9624,6448
25.3,-5424,9336,6360
25.32,-6676,9204,6224
25.34,-7592,8968,5712
25.36,-8744,11108,5716
25.38,-10032,14904,5868
25.4,-9840,15640,5276
25.42,-9928,14216,4928
25.44,-13152,13992,6696
25.46,-12288,14696,7480
25.48,-12508,16032,6156
25.5,-12796,17156,5300
25.52,-11456,17200,5080
25.54,-9216,16804,5172
25.56,-7696,16136,4644
25.58,-8568,14720,4068
25.6,-10028,14160,3708
25.62,-11516,14760,3520
25.64,-13684,14488,3104
25.66,-14812,13940,3132
25.68,-14884,15136,4100
25.7,-14472,16332,5716
25.72,-14312,15748,5924
25.74,-13920,15388,5216
25.76,-13800,15168,5468
25.78,-14280,13832,7032
25.8,-15500,14004,8848
25.82,-17268,16332,9140
25.84,-18788,19568,9648
25.86,-20584,22076,11040
25.88,-18968,21604,11224
25.9,-12372,18280,9796
25.92,-7068,18412,10100
25.94,-6724,22092,9848
25.96,-5164,23900,8808
25.98,-3172,24408,8044
26.0,-4040,22692,7016
26.02,-5920,20496,6360
26.04,-7200,19100,6668
26.06,-7888,19156,7284
26.08,-7708,20296,6284
26.1,-7176,20392,4520
26.12,-6932,19880,3560
26.14,-7096,19164,3544
26.16,-7084,18084,4768
26.18,-7336,19344,5156
26.2,-6140,18592,4488
26.22,-5660,16444,4328
26.24,-6840,15184,4760
26.26,-7992,14468,4628
26.28,-7488,13488,5188
26.3,-6200,12476,5652
26.32,-6036,13352,5924
26.34,-6000,14044,5696
26.36,-5316,11124,5744
26.38,-5488,7104,6828
26.4,-8460,4988,8572
26.42,-13940,5720,9876
26.44,-16764,8180,11040
26.46,-15780,8372,12712
26.48,-14872,7656,14056
26.5,-15148,6840,14624
26.52,-14152,4308,14752
26.54,-13788,3512,14596
26.56,-13888,2460,15204
26.58,-14992,1392,15556
26.6,-15680,908,14880
26.62,-15244,1044,13492
26.64,-14988,1080,12912
26.66,-15940,1152,12820
26.68,-16464,1456,12500
26.7,-16180,1624,11860
26.72,-16004,2000,10632
26.74,-16208,2396,9408
26.76,-15668,2832,8780
26.78,-15456,3056,8328
26.8,-15560,3508,8176
26.82,-17952,4316,7984
26.84,-20552,5752,7284
26.86,-18660,6844,7120
26.88,-15080,6772,7212
26.9,-14652,6928,7624
26.92,-15596,8044,7400
26.94,-14972,9224,7328
26.96,-13620,9888,6960
26.98,-12432,10388,7136
27.0,-12252,10344,7632
27.02,-11212,11044,8400
27.04,-11908,11204,8272
27.06,-13332,10268,7396
27.08,-13404,9240,7244
27.1,-11672,8964,7468
27.12,-11676,7832,7280
27.14,-13500,6692,7168
27.16,-14832,6712,6976
27.18,-15164,6772,6164
27.2,-14932,6224,5900
27.22,-15648,6548,5800
27.24,-16748,7624,6436
27.26,-16356,7980,7136
27.28,-14960,7600,7536
27.3,-16240,6684,9928
27.32,-13060,6744,9612
27.34,-10780,6276,11740
27.36,-8128,6660,14796
27.38,-6548,7556,17772
27.4,-8072,7904,16400
27.42,-10692,7080,14072
27.44,-11568,6828,11872
27.46,-9904,7440,11608
27.48,-16608,6784,7156
27.5,-20604,5188,6508
27.52,-21512,6232,5976
27.54,-18724,6592,6896
27.56,-16536,5520,7644
27.58,-13816,5584,7976
27.6,-16976,5588,8216
27.62,-20092,6940,10036
27.64,-16428,4788,8780
27.66,-17036,4168,9992
27.68,-13776,3428,11376
27.7,-15288,1932,8908
27.72,-7584,6724,6636
27.74,-9536,6832,5504
27.76,-14188,6724,4284
27.78,-15912,7536,5240
27.8,-20072,10188,8932
27.82,-19036,5712,8080
27.84,-15100,3116,6328
27.86,-20596,572,1812
27.88,-19800,2676,3908
27.9,-16972,3248,5860
27.92,-16272,2068,5572
27.94,-16456,1408,4136
27.96,-16460,828,2184
27.98,-14096,9580,3664
28.0,-17576,9720,5376
28.02,-20436,9648,5356
28.04,-19980,9324,5260
28.06,-14716,10252,5988
28.08,-7908,9768,8652
28.1,-5236,8888,8448
28.12,-4388,9128,7252
28.14,-7228,8728,5600
28.16,-12224,7880,4328
28.18,-14508,5764,3952
28.2,-14116,4064,4528
28.22,-14756,3856,4676
28.24,-16632,2812,3604
28.26,-17792,780,3228
28.28,-19580,636,2328
28.3,-21640,1904,3360
28.32,-20300,1056,3612
28.34,-17648,136,3988
28.36,-17488,796,4648
28.38,-17072,1740,5444
28.4,-18276,2852,4812
28.42,-19572,4764,3952
28.44,-18652,6144,2052
28.46,-17752,7048,720
28.48,-19956,7360,1764
28.5,-16696,8636,3292
28.52,-16268,8136,1468
28.54,-15264,6884,1196
28.56,-15148,7256,1732
28.58,-19192,7568,1392
28.6,-19268,6888,416
28.62,-17468,7284,-756
28.64,-19696,8324,28
28.66,-19912,8140,1244
28.68,-17624,7252,1928
28.7,-15336,6660,2572
28.72,-13216,6180,2748
28.74,-13220,6380,4132
28.76,-14228,6232,5300
28.78,-15020,5192,6496
28.8,-13408,4540,6444
28.82,-12188,4996,6504
28.84,-13656,5012,6584
28.86,-15504,4516,6844
28.88,-16020,4728,7192
28.9,-16052,4528,7264
28.92,-15648,4768,7740
28.94,-15124,4852,8784
28.96,-15696,4812,9456
28.98,-15836,4652,8912
29.0,-15724,4656,9000
29.02,-16208,4728,8884
29.04,-17264,4712,9252
29.06,-16276,4440,9204
29.08,-15152,4232,9300
29.1,-14624,4264,9512
29.12,-14752,4196,9604
29.14,-15468,3736,9644
29.16,-15700,3456,9744
29.18,-15452,3444,10156
29.2,-13844,3668,9568
29.22,-14072,3632,9364
29.24,-15524,2992,9844
29.26,-16176,2808,9752
29.28,-14948,3056,9784
29.3,-13420,2992,9472
29.32,-15172,2620,9692
29.34,-15444,2828,9116
29.36,-15256,2560,9060
29.38,-14884,2448,9232
29.4,-14872,2936,9508
29.42,-15728,2888,9860
29.44,-15940,3000,9648
29.46,-16120,3012,9760
29.48,-15628,2996,9844
29.5,-14860,3352,9764
29.52,-15632,3220,9716
29.54,-16124,3452,9836
29.56,-16004,3296,9788
29.58,-15272,3284,9740
29.6,-15268,3112,9948
29.62,-15532,2808,10136
29.64,-15768,2736,10504
29.66,-15800,2884,10640
29.68,-15604,2836,10588
29.7,-14732,2744,10420
29.72,-13944,2896,10040
29.74,-13504,2480,9604
29.76,-14016,2580,9560
29.78,-14892,2396,9752
29.8,-15404,2124,9904
29.82,-15664,2056,10444
29.84,-15752,2512,10804
29.86,-16512,5680,7776
29.88,-14272,6492,7184
29.9,-16480,9836,5864
29.92,-17856,11164,6696
29.94,-21688,12268,7480
29.96,-20868,11456,7012
29.98,-17752,10180,6152
30.0,-17964,9448,5736
30.02,-18624,9508,5816
30.04,-21460,10208,5888
30.06,-22680,10208,5808
30.08,-22304,9512,5200
30.1,-21116,9320,6464
30.12,-19372,7244,8192
30.14,-17768,5664,8728
30.16,-17196,3896,8208
30.18,-15872,1976,7708
30.2,-15188,84,7836
30.22,-13752,-1956,6936
30.24,-12652,-3060,5940
30.26,-11964,-4196,5192
30.28,-10292,-4768,5112
30.3,-9320,-4816,4976
30.32,-10128,-4804,4980
30.34,-10316,-3936,6124
30.36,-11012,-3148,7888
30.38,-12592,-2588,7872
30.4,-12628,-2776,7572
30.42,-12420,-1904,8632
30.44,-13784,-1436,9472
30.46,-15916,-664,10280
30.48,-17640,-20,11072
30.5,-18112,364,11728
30.52,-17560,400,12468
30.54,-17304,384,11752
30.56,-17772,536,11044
30.58,-18568,800,10828
30.6,-18228,892,10900
30.62,-16548,736,10628
30.64,-15700,464,10048
30.66,-15264,284,9040
30.68,-15712,212,8472
30.7,-16636,104,8324
30.72,-16004,-296,8180
30.74,-16020,-516,7968
30.76,-15956,-896,7764
30.78,-15824,-952,7228
30.8,-16420,-1236,7216
30.82,-16320,-1516,7384
30.84,-15972,-1796,7256
30.86,-15608,-1840,7068
30.88,-15988,-2216,7032
30.9,-15872,-2240,6904
30.92,-15656,-2328,7148
30.94,-15240,-2416,7632
30.96,-15128,-2332,7760
30.98,-15672,-1232,7716
31.0,-15984,-884,8420
31.02,-16028,4,9360
31.04,-16664,744,10180
31.06,-16296,1504,10584
31.08,-16956,2284,11348
31.1,-16900,2616,12168
31.12,-15848,3280,12812
31.14,-14876,3752,13264
31.16,-14468,3676,13252
31.18,-15312,3700,13092
31.2,-15884,3748,13904
31.22,-16004,3680,13644
31.24,-15868,3080,13124
31.26,-15992,2844,12984
31.28,-14596,2488,12568
31.3,-14428,2448,11980
31.32,-14420,1976,11436
31.34,-13608,1416,11068
31.36,-12328,1320,10360
31.38,-12308,736,10096
31.4,-11992,20,9616
31.42,-12304,-328,8804
31.44,-12600,-500,8100
31.46,-13636,-772,7696
31.48,-15544,-1096,7784
31.5,-18540,-620,8492
31.52,-21876,1132,9076
31.54,-21944,2404,8784
31.56,-22628,3736,8768
31.58,-21616,4580,9120
31.6,-20784,5532,9564
31.62,-19340,6216,9016
31.64,-16240,6240,8324
31.66,-13644,5288,7836
31.68,-12040,3804,7580
31.7,-12088,2676,7384
31.72,-13140,2208,7248
31.74,-14892,1948,7560
31.76,-16996,1904,8564
31.78,-18716,2836,9160
31.8,-17776,2532,8356
31.82,-15540,1168,7384
31.84,-14932,472,6864
31.86,-15308,324,6640
31.88,-15232,488,6376
31.9,-15268,848,6276
31.92,-16012,888,6636
31.94,-16652,1320,7048
31.96,-16572,1364,7308
31.98,-15876,884,7248
32.0,-15796,468,6912
32.02,-15696,216,7292
32.04,-15272,-136,8040
32.06,-14904,-272,8452
32.08,-14776,-984,8976
32.1,-14356,-888,9460
32.12,-13960,-928,9856
32.14,-14396,-1080,11544
32.16,-15320,-1384,12140
32.18,-14096,-1192,12392
32.2,-12064,88,12792
32.22,-12896,2460,14672
32.24,-15328,4760,16332
32.26,-13536,6276,16104
32.28,-11492,7708,15344
32.3,-12336,10944,14824
32.32,-12244,10496,14172
32.34,-11436,9720,13012
32.36,-10536,9184,11920
32.38,-10616,9876,11744
32.4,-10528,10764,11756
32.42,-10112,10852,11208
32.44,-11088,11032,10632
32.46,-11844,11936,11204
32.48,-11584,11864,11136
32.5,-11008,11720,10940
32.52,-10884,11384,10912
32.54,-9568,10148,10236
32.56,-10140,10000,10280
32.58,-10584,10000,10808
32.6,-10816,9764,10872
32.62,-10664,9800,10464
32.64,-10804,10124,10608
32.66,-11432,10428,11008
32.68,-11584,10464,10892
32.7,-11368,10404,10444
32.72,-11640,10760,10616
32.74,-11488,11416,10704
32.76,-11044,12824,10696
32.78,-10956,14588,10332
32.8,-11956,17404,10732
32.82,-13024,21616,10908
32.84,-15244,-2796,9148
32.86,-15672,-2548,9292
32.88,-15948,-2608,9252
32.9,-15556,-2624,9160
32.92,-15352,-2792,9048
32.94,-15200,-2548,8984
32.96,-15356,-2576,9024
32.98,-15800,-2464,8932
33.0,-15732,-2572,9036
33.02,-15440,-2576,9040
33.04,-15280,-2460,8852
33.06,-15388,-2484,8736
33.08,-15628,-2488,8844
33.1,-15808,-2664,9204
33.12,-15416,-2512,9052
33.14,-15232,-2564,9076
33.16,-15660,-2488,8992
33.18,-15776,-2392,8836
33.2,-15776,-2520,8820
33.22,-15464,-2600,8772
33.24,-15512,-2424,8716
33.26,-15864,-2428,8928
33.28,-15556,-2396,8768
33.3,-15560,-2676,8724
33.32,-15740,-2392,8552
33.34,-15908,-2588,8532
33.36,-15720,-2512,8720
33.38,-15440,-2632,8660
33.4,-15392,-2444,8616
33.42,-15656,-2416,8548
33.44,-15584,-2564,8828
33.46,-15616,-2496,8796
33.48,-15736,-2564,8760
33.5,-15904,-2440,8504
33.52,-15664,-2440,8720
33.54,-15592,-2568,8744
33.56,-15544,-2540,8776
33.58,-15688,-2580,8796
33.6,-15668,-2512,8868
33.62,-15580,-2416,8696
33.64,-15612,-2536,8580
33.66,-15728,-2648,8624
33.68,-15860,-2588,8724
33.7,-15728,-2516,8588
33.72,-15556,-2556,8668
33.74,-15688,-2628,8596
33.76,-15740,-2332,8564
33.78,-15596,-2488,8696
33.8,-15560,-2572,8668
33.82,-15648,-2476,8612
33.84,-15616,-2488,8720
33.86,-15596,-2480,8884
33.88,-15548,-2556,8776
33.9,-15584,-2500,8744
33.92,-15576,-2448,8656
33.94,-15680,-2532,8788
33.96,-15828,-2664,8840
33.98,-15596,-2416,8800
34.0,-15468,-2544,8768
34.02,-15636,-2532,8760
34.04,-15752,-2532,8748
34.06,-15780,-2472,8680
34.08,-15648,-2540,8732
34.1,-15468,-2612,8832
34.12,-15464,-2560,8804
34.14,-15844,-2468,8608
34.16,-15688,-2492,8652
34.18,-15728,-2664,8724
34.2,-15524,-2512,8728
34.22,-15552,-2424,8956
34.24,-15620,-2544,8820
34.26,-15380,-2416,8640
34.28,-15576,-2468,8744
34.3,-15648,-2504,8732
34.32,-15680,-2580,8804
34.34,-15748,-2540,8768
34.36,-15584,-2572,8676
34.38,-15408,-2468,8588
34.4,-15528,-2488,8796
34.42,-15932,-2628,8776
34.44,-15652,-2432,8860
34.46,-15456,-2456,8776
34.48,-15500,-2472,8784
34.5,-15644,-2420,8820
34.52,-15632,-2484,8776
34.54,-15492,-2520,8640
34.56,-15508,-2660,8780
34.58,-15796,-2480,8596
34.6,-15720,-2364,8684
34.62,-15580,-2580,8900
34.64,-15480,-2584,8740
34.66,-15288,-2536,8612
34.68,-15584,-2528,8728
34.7,-15984,-2580,8632
34.72,-15552,-2636,8524
34.74,-15524,-2500,8568
34.76,-15652,-2532,8800
34.78,-15576,-2436,8808
34.8,-15668,-2488,8604
34.82,-15408,-2656,8568
34.84,-15764,-2472,8708
34.86,-15716,-2504,8748
34.88,-15640,-2552,8744
34.9,-15576,-2576,8768
34.92,-15572,-2572,8660
34.94,-15564,-2448,8572
34.96,-15508,-2508,8788
34.98,-15852,-2484,8684
35.0,-15744,-2524,8540
35.02,-15560,-2568,8672
35.04,-15456,-2528,8740
35.06,-15852,-2628,8624
35.08,-15880,-2560,8812
35.1,-15668,-2604,8452
35.12,-15524,-2408,8560
35.14,-15600,-2640,8812
35.16,-15672,-2480,8696
35.18,-15612,-2488,8820
35.2,-15496,-2484,8716
35.22,-15620,-2524,8644
35.24,-15388,-2516,8672
35.26,-15716,-2488,8688
35.28,-15936,-2568,8616
35.3,-15572,-2536,8564
35.32,-15396,-2576,8700
35.34,-15640,-2540,8620
35.36,-15784,-2472,8648
35.38,-15588,-2600,8500
35.4,-15304,-2496,8656
35.42,-15544,-2648,8740
35.44,-16024,-2520,8596
35.46,-15804,-2552,8588
35.48,-15312,-2536,8500
35.5,-15600,-2464,8560
35.52,-15840,-2348,8680
35.54,-15996,-2600,8604
35.56,-15772,-2772,8516
35.58,-15484,-2604,8652
35.6,-15516,-2492,8856
35.62,-15608,-2476,8920
35.64,-15292,-2456,8784
35.66,-15072,-2512,8968
35.68,-14912,-2348,9056
35.7,-15164,-2500,9336
35.72,-15848,-2780,9452
35.74,-15384,-2428,9308
35.76,-14500,-3040,9488
35.78,-14492,-2932,9356
35.8,-15264,-2784,9648
35.82,-15684,-2032,9604
35.84,-15368,-2624,9452
35.86,-15012,-2952,9104
35.88,-14984,-2748,8540
35.9,-15648,-2528,8260
35.92,-16332,-2660,8308
35.94,-16120,-2524,8168
35.96,-16256,-2684,7928
35.98,-17100,-2356,7404
36.0,-17040,-2708,7308
36.02,-16316,-2748,7572
36.04,-16036,-2020,7760
36.06,-15560,-2292,7732
36.08,-15508,-2660,7548
36.1,-15732,-2516,7224
36.12,-15936,-2224,7164
36.14,-16076,-2364,7348
36.16,-16000,-2460,7568
36.18,-16072,-2568,7368
36.2,-15964,-2436,7488
36.22,-15880,-2412,7752
36.24,-15712,-2556,7940
36.26,-15420,-2256,8216
36.28,-15248,-2228,8340
36.3,-15700,-2228,7964
36.32,-15948,-2604,7620
36.34,-16040,-2316,7184
36.36,-16096,-1940,7224
36.38,-16052,-2140,7096
36.4,-15944,-2596,6956
36.42,-16160,-2468,7132
36.44,-16452,-1864,7276
36.46,-15508,-2728,7464
36.48,-16016,-2992,6960
36.5,-16692,-1792,6628
36.52,-16356,-2540,6948
36.54,-16064,-2520,7172
36.56,-16180,-2388,7408
36.58,-15752,-2356,7216
36.6,-14732,-2332,7204
36.62,-15816,-2460,7364
36.64,-16592,-2268,7560
36.66,-15900,-1976,7592
36.68,-15648,-2636,7672
36.7,-16196,-2868,7280
36.72,-15968,-1980,6984
36.74,-15428,-2956,6940
36.76,-16632,-3036,6960
36.78,-16036,-2116,7340
36.8,-15436,-2504,7652
36.82,-16176,-2856,7156
36.84,-16752,-2792,6972
36.86,-16444,-1708,6916
36.88,-15528,-1420,7536
36.9,-15752,-2592,8256
36.92,-15496,-2040,8048
36.94,-15308,-2104,7900
36.96,-15244,-2544,7916
36.98,-16096,-2892,7220
37.0,-16404,-2240,6412
37.02,-16680,-2060,6576
37.04,-16384,-2172,6704
37.06,-15944,-2896,6684
37.08,-16204,-2344,6772
37.1,-15832,-1928,7420
37.12,-15272,-2632,7360
37.14,-16504,-2516,7000
37.16,-16160,-2108,6968
37.18,-15848,-1576,7512
37.2,-16092,-2856,7784
37.22,-16268,-2420,7120
37.24,-16692,-1836,6920
37.26,-16208,-1524,7332
37.28,-15148,-2920,7916
37.3,-15100,-3340,7200
37.32,-16176,-1784,6072
37.34,-16728,-1704,6368
37.36,-16248,-2652,6652
37.38,-16036,-3372,6068
37.4,-16284,-2804,5548
37.42,-16248,-1200,6328
37.44,-15564,-3688,6416
37.46,-15476,-3604,5520
37.48,-16300,-3116,4132
37.5,-17160,-1452,4456
37.52,-16152,-2672,5864
37.54,-16332,-3420,6336
37.56,-15260,-3536,6980
37.58,-12764,-1640,7384
37.6,-12628,-2024,7436
37.62,-17324,-3208,5844
37.64,-18740,-2948,4792
37.66,-17180,-3312,4440
37.68,-16840,-1748,4268
37.7,-15712,-2776,5100
37.72,-15956,-3216,5640
37.74,-16580,-2132,5720
37.76,-16468,-1988,6476
37.78,-16308,-1568,6912
37.8,-15732,-2036,6680
37.82,-15132,-2104,6544
37.84,-15268,-2056,5528
37.86,-16844,-1908,4852
37.88,-18112,-1668,4608
37.9,-16796,-2388,5068
37.92,-15824,-1872,5232
37.94,-16412,-2452,4892
37.96,-17180,-1792,4428
37.98,-16064,-2312,4704
38.0,-16388,-2064,4464
38.02,-17004,-2060,4216
38.04,-16508,-1768,5212
38.06,-14820,-1892,6456
38.08,-15640,-1972,5564
38.1,-16792,-2156,4264
38.12,-17296,-2200,3728
38.14,-16408,-1796,4372
38.16,-16020,-2316,5120
38.18,-16072,-2524,5764
38.2,-15176,-1516,5556
38.22,-16256,-1736,4996
38.24,-16452,-2240,4676
38.26,-16000,-2096,4752
38.28,-16456,-1944,4548
38.3,-16300,-2132,4684
38.32,-16012,-2252,4860
38.34,-16524,-2416,4276
38.36,-16844,-1660,3664
38.38,-16772,-1948,3864
38.4,-16496,-1924,4168
38.42,-16216,-1996,5240
38.44,-15136,-2412,6048
38.46,-15688,-1880,4732
38.48,-17184,-2172,3480
38.5,-17676,-2220,3412
38.52,-16444,-1940,4540
38.54,-15384,-2008,5644
38.56,-15264,-2060,5380
38.58,-16024,-2156,4812
38.6,-16440,-2092,4576
38.62,-16620,-1840,4224
38.64,-16908,-2348,4288
38.66,-16000,-2144,4788
38.68,-15612,-2048,5220
38.7,-16368,-2164,4580
38.72,-16900,-1852,3800
38.74,-16632,-2100,4396
38.76,-15872,-1984,4692
38.78,-16232,-2124,4492
38.8,-17000,-2072,4080
38.82,-16908,-1916,4428
38.84,-16336,-2388,4812
38.86,-16156,-2244,5032
38.88,-15760,-2040,5312
38.9,-16240,-1856,5296
38.92,-15728,-2096,5456
38.94,-15980,-2152,5292
38.96,-16088,-1764,5264
38.98,-15648,-1800,5552
39.0,-15736,-2148,5216
39.02,-17408,-2132,4084
39.04,-17284,-2372,4176
39.06,-15740,-2116,5260
39.08,-15264,-2348,5692
39.1,-16852,-2120,4348
39.12,-16728,-2032,4296
39.14,-16700,-2104,4496
39.16,-16204,-2088,4744
39.18,-16396,-1936,4988
39.2,-16232,-2172,5068
39.22,-16268,-2140,5012
39.24,-15404,-2220,5164
39.26,-16156,-2064,4892
39.28,-16660,-2032,4620
39.3,-16624,-2204,4636
39.32,-16460,-2052,4612
39.34,-16100,-1944,4904
39.36,-15880,-2184,4948
39.38,-16612,-2084,4612
39.4,-16468,-2064,4752
39.42,-15864,-2024,5112
39.44,-15584,-1956,5472
39.46,-15852,-2024,5316
39.48,-16432,-2320,4516
39.5,-17588,-1932,3564
39.52,-17040,-2316,3864
39.54,-15880,-1856,4752
39.56,-15628,-1864,5320
39.58,-16300,-2084,5160
39.6,-16380,-2076,4488
39.62,-16448,-2084,4324
39.64,-16656,-2132,4356
39.66,-16796,-2132,4364
39.68,-16848,-2116,4320
39.7,-16632,-2008,4720
39.72,-16656,-1748,4824
39.74,-16820,-1908,5068
39.76,-16248,-2196,5832
39.78,-15516,-1984,6332
39.8,-14936,-2556,6692
39.82,-15044,-2100,6872
39.84,-15252,-1988,6080
39.86,-15824,-1904,5064
39.88,-16692,-2224,5212
39.9,-16940,-1912,5244
39.92,-16100,-1864,5904
39.94,-16320,-1752,6344
39.96,-15588,-1964,6508
39.98,-15564,-1840,6184
40.0,-16076,-1584,5928
40.02,-16908,-1784,5224
40.04,-16732,-1904,4412
40.06,-16720,-1968,3868
40.08,-16552,-2092,3412
40.1,-16460,-2216,2880
40.12,-16072,-2032,2896
40.14,-15776,-2112,3020
40.16,-16068,-1872,3752
40.18,-16688,-1896,4712
40.2,-16384,-1828,4836
40.22,-16508,-1596,4676
40.24,-16328,-1728,4440
40.26,-16096,-1908,4216
40.28,-16108,-1944,3656
40.3,-16340,-1864,3652
40.32,-16436,-1784,4080
40.34,-16228,-1820,4488
40.36,-16428,-1652,4476
40.38,-16728,-1644,3996
40.4,-16276,-1576,3808
40.42,-16460,-1444,3868
40.44,-16464,-1536,4092
40.46,-16220,-1532,4356
40.48,-16128,-1536,4576
40.5,-16536,-1532,4588
40.52,-16424,-1504,4184
40.54,-16324,-1692,4020
40.56,-16156,-1672,4048
40.58,-16368,-1600,4044
40.6,-16384,-1476,4092
40.62,-16240,-1592,4256
40.64,-15868,-1428,4484
40.66,-16292,-1552,4416
40.68,-16356,-1452,4136
40.7,-16460,-1672,3980
40.72,-16288,-1468,4216
40.74,-16032,-1548,4764
40.76,-16060,-1468,4560
40.78,-16644,-1344,3796
40.8,-16716,-1536,3600
40.82,-16680,-1480,3688
40.84,-16560,-1368,4044
40.86,-16288,-1556,4340
40.88,-16132,-1468,4308
40.9,-15760,-1580,4124
40.92,-15924,-1460,3932
40.94,-16392,-1600,3872
40.96,-16476,-1360,4176
40.98,-16344,-1400,4296
41.0,-16952,-1428,4048
41.02,-16976,-1568,3756
41.04,-16904,-1388,3660
41.06,-15092,-1556,4392
41.08,-15796,-1372,3968
41.1,-16740,-1596,3152
41.12,-16648,-1528,3484
41.14,-15488,-1424,4292
41.16,-16224,-1412,4316
41.18,-16776,-1432,3612
41.2,-16104,-1324,4080
41.22,-15552,-1484,4192
41.24,-15652,-1392,4124
41.26,-16776,-1196,3760
41.28,-16988,-1076,3584
41.3,-16836,-1028,3020
41.32,-16344,-824,3080
41.34,-15852,-1064,3340
41.36,-16144,-956,3320
41.38,-17320,-920,2864
41.4,-17336,-792,2580
41.42,-16688,-932,2656
41.44,-16276,-1064,3168
41.46,-16596,-1000,3020
41.48,-16796,-664,2852
41.5,-16608,-824,2412
41.52,-16988,-1644,1824
41.54,-16844,-1444,2032
41.56,-16552,-1312,3528
41.58,-16044,-1748,4132
41.6,-16164,-1792,4196
41.62,-16072,-848,4608
41.64,-16744,-1656,4372
41.66,-16468,-1772,4060
41.68,-16824,-1852,3868
41.7,-16944,-2000,3856
41.72,-16736,-2000,4568
41.74,-17120,-2256,4788
41.76,-17052,-2492,4880
41.78,-16976,-2376,5384
41.8,-18516,-2152,5568
41.82,-21016,-1452,5668
41.84,-18236,-2628,4340
41.86,-16864,-3888,3208
41.88,-17880,-2748,2980
41.9,-18620,-2384,4544
41.92,-16048,-3212,6320
41.94,-11496,-2920,8916
41.96,-8580,-2924,11836
41.98,-9540,-3476,13204
42.0,-12448,-3852,13016
42.02,-14448,-3528,11916
42.04,-15812,-3548,11168
42.06,-15012,-3484,10944
42.08,-14244,-3184,11964
42.1,-13408,-4536,11800
42.12,-11436,-5312,10880
42.14,-11564,-4684,9660
42.16,-12620,-5428,8160
42.18,-14884,-6016,7304
42.2,-14320,-5044,7508
42.22,-13504,-3940,8916
42.24,-14244,-5704,9660
42.26,-14680,-4820,8968
42.28,-14732,-4772,7960
42.3,-15596,-4024,7612
42.32,-14516,-4612,8128
42.34,-14128,-4984,7200
42.36,-15252,-4312,6948
42.38,-15376,-3884,6924
42.4,-15916,-3456,6340
42.42,-16848,-3824,6328
42.44,-16552,-3440,6056
42.46,-16452,-3784,6312
42.48,-17336,-3364,6420
42.5,-18216,-3544,5940
42.52,-17528,-3468,6160
42.54,-16528,-3376,6640
42.56,-16168,-3456,7216
42.58,-15456,-3176,8032
42.6,-14540,-2984,8600
42.62,-14812,-3056,8832
42.64,-14896,-3328,8472
42.66,-15200,-3296,8356
42.68,-15864,-3400,7944
42.7,-15764,-3520,7576
42.72,-15384,-2896,7588
42.74,-16192,-3144,7456
42.76,-17560,-3244,7656
42.78,-17336,-3252,7784
42.8,-16144,-3120,8180
42.82,-14792,-3300,8208
42.84,-13396,-3372,7660
42.86,-14032,-3468,7292
42.88,-15160,-3648,6868
42.9,-15112,-3560,6572
42.92,-15128,-3596,5860
42.94,-15812,-3696,5144
42.96,-16348,-3340,4916
42.98,-16680,-3128,5180
43.0,-16976,-2564,5832
43.02,-17432,-1408,7372
43.04,-17224,-1648,8788
43.06,-16300,-2344,10112
43.08,-15812,-2024,10448
43.1,-15240,-1468,9924
43.12,-14604,-2280,9404
43.14,-14792,-2724,8380
43.16,-15588,-2348,7504
43.18,-16168,-2436,7388
43.2,-16416,-2584,7092
43.22,-16160,-2696,7092
43.24,-15932,-2452,7132
43.26,-16104,-2260,7216
43.28,-16120,-2412,7392
43.3,-16084,-2692,7372
43.32,-16444,-2324,7256
43.34,-16352,-1824,7448
43.36,-15936,-2300,7564
43.38,-15532,-2868,7552
43.4,-15964,-2704,7224
43.42,-16448,-2684,7184
43.44,-16344,-2416,7240
43.46,-15896,-2640,7044
43.48,-15792,-2676,6956
43.5,-16108,-2468,6904
43.52,-16076,-2424,6956
43.54,-16048,-2492,7044
43.56,-15808,-2724,7020
43.58,-15968,-2584,6868
43.6,-15984,-2480,6764
43.62,-16056,-2584,7036
43.64,-16000,-2724,7140
43.66,-15944,-2680,7044
43.68,-15840,-2536,7068
43.7,-15984,-2456,7076
43.72,-15800,-2740,7004
43.74,-15660,-2696,6896
43.76,-15972,-2580,6848
43.78,-16108,-2456,6672
43.8,-16072,-2556,6880
43.82,-15888,-2704,6916
43.84,-15796,-2584,6748
43.86,-16128,-2704,6996
43.88,-16368,-2540,7048
43.9,-15852,-2700,7116
43.92,-15876,-2704,6896
43.94,-16072,-2576,6780
43.96,-16156,-2368,7008
43.98,-15800,-2608,7088
44.0,-15828,-2692,7032
44.02,-16148,-2552,6736
44.04,-16232,-2696,6632
44.06,-16116,-2580,6804
44.08,-15920,-2524,6824
44.1,-15916,-2584,6936
44.12,-16028,-2572,7012
44.14,-16048,-2628,7028
44.16,-15956,-2496,7024
44.18,-16008,-2632,6868
44.2,-15900,-2736,6984
44.22,-15908,-2612,6916
44.24,-16056,-2516,7120
44.26,-15856,-2496,7096
44.28,-15764,-2604,7072
44.3,-15996,-2612,7036
44.32,-15996,-2564,7048
44.34,-15960,-2484,6976
44.36,-15828,-2628,7008
44.38,-15912,-2620,7000
44.4,-15932,-2604,6976
44.42,-16120,-2560,7004
44.44,-15924,-2632,6976
44.46,-15892,-2560,7028
44.48,-16236,-2644,6860
44.5,-16160,-2560,7036
44.52,-15704,-2724,7016
44.54,-16012,-2624,7004
44.56,-16076,-2524,6936
44.58,-16120,-2704,6984
44.6,-15964,-2556,7020
44.62,-15820,-2488,7116
44.64,-15924,-2604,6892
44.66,-16064,-2712,6996
44.68,-16160,-2512,6936
44.7,-16028,-2484,6996
44.72,-16012,-2640,7020
44.74,-16056,-2592,7112
44.76,-15760,-2440,7092
