Time,GSR,Ax,Ay,Az,Gx,Gy,Gz,HR,SPO2
0.0,995,-3498,-335,20177,459,-470,48,75,59
0.02,1000,-3337,-213,20228,457,-459,52,74,59
0.04,995,-3362,-360,20216,437,-412,71,74,59
0.06,1001,-3433,-266,20114,424,-463,77,75,59
0.08,1004,-3377,-406,20139,433,-453,30,74,59
0.1,1001,-3349,-30,20007,466,-428,67,75,59
0.12,995,-3464,-116,20587,473,-405,36,74,59
0.14,999,-3437,-5,20192,413,-414,47,75,59
0.16,997,-3493,-84,20056,442,-435,54,74,59
0.18,997,-3460,-303,20087,440,-452,35,74,59
0.2,993,-3375,-326,20356,424,-454,66,75,59
0.22,995,-3343,-451,20042,423,-465,63,75,59
0.24,991,-3454,-417,20283,455,-430,30,74,59
0.26,997,-3478,-101,20272,471,-469,58,75,59
0.28,998,-3490,-93,20362,456,-447,77,74,59
0.3,995,-3371,-101,20400,475,-384,34,75,59
0.32,994,-3355,-487,20138,412,-471,67,75,59
0.34,1000,-3386,-332,20154,453,-474,54,74,59
0.36,1005,-3423,-23,20496,443,-415,62,74,59
0.38,1003,-3395,-20,20089,429,-462,39,75,59
0.4,1000,-3359,-477,20010,397,-465,41,74,59
0.42,996,-3315,-47,20439,401,-469,45,75,59
0.44,990,-3312,-172,20182,422,-457,68,74,59
0.46,992,-3432,-458,20575,435,-396,41,74,59
0.48,1003,-3489,-231,20097,445,-442,73,74,59
0.5,1001,-3317,-446,20464,413,-431,41,74,59
0.52,991,-3336,-168,20165,468,-468,45,74,59
0.54,991,-3355,-476,20106,396,-465,80,75,59
0.56,996,-3351,-107,20588,389,-444,39,75,59
0.58,1002,-3422,-470,20062,442,-422,40,75,59
0.6,994,-3493,-427,20259,405,-442,76,74,59
0.62,998,-3454,-445,20543,415,-441,51,75,59
0.64,991,-3497,-363,20200,463,-421,35,74,59
0.66,991,-3351,-6,20294,470,-391,45,74,59
0.68,1005,-3340,-434,20229,474,-418,79,75,59
0.7000000000000001,1002,-3471,-438,20589,472,-444,60,75,59
0.72,995,-3464,-218,20583,428,-461,48,75,59
0.74,998,-3364,-148,20420,453,-436,46,75,59
0.76,992,-3457,-286,20596,388,-392,48,74,59
0.78,1004,-3315,-278,20038,472,-383,49,75,59
0.8,991,-3377,-22,20336,420,-383,61,74,59
0.8200000000000001,993,-3339,-350,20339,439,-413,35,75,59
0.84,999,-3458,-357,20388,449,-417,79,74,59
0.86,1003,-3432,-200,20570,384,-385,62,74,59
0.88,994,-3332,-61,20251,384,-449,50,75,59
0.9,1005,-3323,-390,20544,476,-420,30,74,59
0.92,994,-3366,-487,20176,380,-433,70,75,59
0.9400000000000001,999,-3498,-324,20477,384,-448,80,75,59
0.96,1005,-3385,-215,20481,405,-392,51,74,59
0.98,1005,-3456,-349,20374,410,-391,66,75,59
1.0,991,-3363,-483,20578,426,-436,39,75,59
1.02,997,-3431,-175,20368,464,-386,56,75,59
1.04,990,-3384,-412,20259,435,-399,65,75,59
1.06,991,-3391,-132,20572,427,-471,68,74,59
1.08,1001,-3457,-194,20407,401,-394,36,75,59
1.1,1005,-3369,-300,20542,443,-404,54,75,59
1.12,1003,-3407,-391,20032,446,-412,35,74,59
1.1400000000000001,1004,-3440,-395,20257,448,-400,64,75,59
1.16,1001,-3475,-268,20477,398,-458,71,75,59
1.18,1002,-3304,-125,20295,380,-419,71,75,59
1.2,1006,-3487,-413,20141,409,-479,56,74,59
1.22,993,-3305,-78,20051,402,-436,44,74,59
1.24,994,-3336,-135,20240,382,-386,53,74,59
1.26,1004,-3395,-300,20177,452,-425,57,75,59
1.28,996,-3424,-234,20180,427,-408,34,74,59
1.3,1002,-3424,-339,20166,444,-454,51,74,59
1.32,992,-3461,-257,20560,388,-455,57,74,59
1.34,999,-3460,-165,20482,438,-395,51,75,59
1.36,998,-3398,-38,20529,478,-478,76,74,59
1.3800000000000001,998,-3303,-132,20280,462,-466,72,74,59
1.4000000000000001,1003,-3383,-281,20392,463,-398,42,75,59
1.42,999,-3416,-125,20197,440,-408,76,75,59
1.44,1002,-3450,-11,20497,464,-433,42,74,59
1.46,1006,-3423,-45,20164,451,-398,73,75,59
1.48,998,-3407,-418,20415,440,-415,54,74,59
1.5,1003,-3374,-335,20301,398,-427,69,75,59
1.52,996,-3425,-447,20206,420,-455,34,75,59
1.54,1004,-3364,-175,20042,434,-444,37,74,59
1.56,997,-3303,-84,20380,431,-433,58,74,59
1.58,990,-3497,-181,20131,476,-430,65,75,59
1.6,999,-3443,-156,20580,402,-393,59,74,59
1.62,991,-3495,-182,20407,461,-386,62,75,59
1.6400000000000001,1000,-3395,-396,20095,424,-444,36,75,59
1.6600000000000001,1000,-3334,-253,20480,387,-413,59,75,59
1.68,1006,-3393,-158,20283,409,-471,53,75,59
1.7,1006,-3419,-248,20356,469,-394,49,75,59
1.72,992,-3410,-59,20333,447,-386,68,75,59
1.74,995,-3396,-366,20525,472,-420,57,74,59
1.76,995,-3318,-409,20126,446,-476,73,75,59
1.78,998,-3366,-297,20069,393,-427,44,74,59
1.8,993,-3384,-193,20039,411,-396,57,74,59
1.82,1004,-3322,-63,20380,419,-417,40,74,59
1.84,994,-3403,-323,20278,395,-461,57,75,59
1.86,997,-3355,-427,20336,473,-401,77,75,59
1.8800000000000001,991,-3334,-356,20336,403,-392,43,75,59
1.9000000000000001,997,-3391,-36,20201,444,-396,55,74,59
1.92,990,-3496,-184,20574,380,-415,53,75,59
1.94,998,-3372,-290,20315,436,-451,63,75,59
1.96,994,-3429,-459,20103,386,-477,77,75,59
1.98,992,-3387,-30,20411,469,-418,57,75,59
2.0,996,-3485,-276,20281,469,-386,69,75,59
2.02,1005,-3325,-288,20104,404,-453,37,75,59
2.04,995,-3394,-260,20260,385,-419,47,75,59
2.06,995,-3309,-262,20443,423,-470,31,75,59
2.08,996,-3313,-378,20010,442,-477,73,74,59
2.1,1003,-3344,-122,20591,381,-470,73,74,59
2.12,997,-3445,-383,20527,438,-404,71,75,59
2.14,994,-3317,-486,20363,393,-401,47,75,59
2.16,1004,-3369,-246,20464,478,-411,37,74,59
2.18,1004,-3490,-413,20529,421,-414,51,75,59
2.2,1004,-3349,-26,20081,434,-394,52,74,59
2.22,1000,-3497,-203,20306,477,-391,35,74,59
2.24,998,-3342,-359,20436,401,-446,74,75,59
2.2600000000000002,990,-3378,-171,20340,433,-465,64,74,59
2.2800000000000002,1002,-3354,-22,20584,396,-450,54,75,59
2.3000000000000003,996,-3441,-145,20142,460,-435,40,74,59
2.32,993,-3488,-330,20181,393,-430,53,74,59
2.34,996,-3310,-93,20338,392,-472,71,75,59
2.36,1006,-3415,-360,20051,394,-475,79,75,59
2.38,996,-3321,-242,20259,477,-448,63,75,59
2.4,993,-3437,-498,20171,472,-472,51,74,59
2.42,999,-3481,-128,20465,430,-408,37,74,59
2.44,1003,-3500,-207,20155,440,-428,48,75,59
2.46,993,-3323,-233,20410,408,-413,79,75,59
2.48,1006,-3444,-416,20529,415,-471,69,74,59
2.5,997,-3477,-10,20097,441,-440,69,75,59
2.52,993,-3477,-21,20538,447,-480,49,75,59
2.54,994,-3362,-134,20498,428,-464,45,75,59
2.56,1002,-3421,-127,20225,397,-476,65,75,59
2.58,998,-3413,-291,20369,414,-450,55,75,59
2.6,993,-3390,-182,20217,459,-399,80,74,59
2.62,990,-3379,-275,20246,414,-455,49,75,59
2.64,991,-3398,-441,20465,411,-444,78,74,59
2.66,999,-3493,-47,20058,393,-474,52,74,59
2.68,1001,-3354,-474,20074,399,-394,38,74,59
2.7,998,-3391,-32,20061,437,-438,47,75,59
2.72,993,-3414,-123,20205,412,-451,55,75,59
2.74,998,-3478,-321,20505,392,-404,40,74,59
2.7600000000000002,996,-3360,-474,20271,387,-418,44,74,59
2.7800000000000002,1000,-3307,-40,20098,454,-452,57,75,59
2.8000000000000003,994,-3323,-412,20380,474,-384,53,74,59
2.82,997,-3348,-175,20597,465,-413,40,74,59
2.84,1005,-3426,-19,20528,466,-435,60,74,59
2.86,994,-3425,-2,20116,450,-392,65,74,59
2.88,994,-3467,-477,20089,434,-426,64,74,59
2.9,993,-3313,-432,20329,477,-404,77,75,59
2.92,1005,-3327,-122,20174,394,-451,42,75,59
2.94,999,-3479,-495,20082,459,-447,72,74,59
2.96,997,-3421,-59,20561,475,-404,40,74,59
2.98,1000,-3492,-4,20032,399,-430,43,75,59
3.0,1005,-3400,-78,20310,398,-414,75,75,59
3.02,995,-3420,-252,20181,473,-388,42,75,59
3.04,999,-3407,-411,20364,398,-412,41,75,59
3.06,1003,-3461,-157,20254,401,-406,35,75,59
3.08,991,-3369,-261,20530,472,-435,76,75,59
3.1,994,-3417,-421,20156,476,-381,57,75,59
3.12,999,-3357,-388,20332,471,-398,68,75,59
3.14,991,-3343,-78,20583,436,-420,50,75,59
3.16,1005,-3374,-69,20518,468,-440,30,75,59
3.18,1004,-3441,-102,20458,395,-406,58,74,59
3.2,1003,-3384,-466,20226,427,-416,44,74,59
3.22,990,-3496,-387,20592,422,-471,30,74,59
3.24,1002,-3422,-251,20206,415,-421,55,75,59
3.2600000000000002,996,-3489,-421,20444,399,-469,73,75,59
3.2800000000000002,1003,-3326,-165,20168,466,-459,65,74,59
3.3000000000000003,995,-3476,-185,20294,420,-457,42,74,59
3.3200000000000003,1003,-3452,-28,20581,409,-424,31,75,59
3.34,994,-3424,-297,20114,427,-421,65,75,59
3.36,999,-3341,-151,20420,447,-461,65,74,59
3.38,990,-3413,-114,20310,388,-470,61,74,59
3.4,996,-3442,-64,20471,387,-409,49,75,59
3.42,1005,-3315,-388,20031,474,-464,65,75,59
3.44,1001,-3488,-224,20314,385,-429,38,75,59
3.46,991,-3417,-389,20402,457,-418,40,75,59
3.48,1002,-3369,-103,20217,448,-473,38,75,59
3.5,1006,-3393,-456,20581,432,-424,49,75,59
3.52,997,-3467,-232,20156,442,-468,52,74,59
3.54,992,-3334,-225,20595,454,-399,73,75,59
3.56,1005,-3352,-456,20215,442,-386,35,74,59
3.58,1006,-3446,-294,20419,442,-424,58,75,59
3.6,992,-3453,-119,20495,443,-414,55,75,59
3.62,990,-3359,-477,20250,389,-402,71,75,59
3.64,993,-3439,-182,20090,433,-425,79,74,59
3.66,998,-3368,-289,20237,467,-406,56,75,59
3.68,1003,-3325,-394,20465,400,-455,39,75,59
3.7,997,-3326,-120,20096,479,-401,57,74,59
3.72,994,-3412,-91,20218,414,-406,69,75,59
3.74,999,-3434,-435,20340,455,-446,78,75,59
3.7600000000000002,1003,-3305,-82,20291,451,-475,52,75,59
3.7800000000000002,1004,-3364,-224,20300,388,-432,63,75,59
3.8000000000000003,996,-3489,-155,20560,394,-399,48,74,59
3.8200000000000003,995,-3340,-142,20439,475,-453,39,75,59
3.84,991,-3317,-130,20105,429,-420,72,74,59
3.86,1002,-3357,-300,20361,413,-386,40,74,59
3.88,998,-3432,-32,20362,419,-400,64,74,59
3.9,1005,-3495,-119,20538,468,-477,50,75,59
3.92,995,-3473,-392,20444,457,-385,71,74,59
3.94,995,-3306,-77,20367,467,-468,76,74,59
3.96,991,-3408,-200,20307,406,-405,63,74,59
3.98,1000,-3363,-289,20299,412,-454,80,74,59
4.0,1005,-3460,-260,20231,393,-405,44,74,59
4.0200000000000005,995,-3401,-411,20331,395,-464,39,75,59
4.04,1000,-3361,-430,20164,434,-416,65,74,59
4.0600000000000005,1004,-3342,-481,20528,417,-470,46,75,59
4.08,997,-3387,-484,20265,464,-416,64,74,59
4.1,1004,-3450,-184,20079,456,-394,33,74,59
4.12,990,-3411,-44,20275,446,-445,73,75,59
4.14,991,-3345,-287,20571,467,-412,64,74,59
4.16,994,-3324,-392,20197,465,-388,72,75,59
4.18,996,-3492,-291,20088,461,-458,39,74,59
4.2,992,-3449,-485,20567,473,-428,61,74,59
4.22,990,-3322,-172,20412,467,-405,44,74,59
4.24,1000,-3389,-390,20298,391,-396,63,75,59
4.26,1005,-3301,-205,20374,421,-412,71,74,59
4.28,1004,-3355,-214,20391,452,-424,44,75,59
4.3,1003,-3395,-125,20465,393,-416,65,75,59
4.32,992,-3363,-431,20110,387,-433,60,75,59
4.34,1006,-3326,-469,20583,455,-477,32,74,59
4.36,996,-3442,-49,20165,460,-437,75,74,59
4.38,991,-3422,-457,20420,404,-480,65,75,59
4.4,1005,-3425,-281,20349,430,-437,68,75,59
4.42,1001,-3349,-408,20550,402,-465,79,75,59
4.44,1006,-3415,-125,20229,465,-440,68,74,59
4.46,1004,-3472,-2,20409,419,-438,46,75,59
4.48,995,-3495,-327,20119,382,-452,41,75,59
4.5,993,-3462,-72,20199,453,-385,64,74,59
4.5200000000000005,996,-3386,-194,20450,406,-411,70,74,59
4.54,1005,-3470,-229,20497,398,-471,54,75,59
4.5600000000000005,999,-3312,-270,20593,422,-417,57,75,59
4.58,1001,-3446,-302,20534,393,-460,52,74,59
4.6000000000000005,992,-3354,-197,20269,389,-420,59,74,59
4.62,996,-3334,-258,20480,393,-442,43,74,59
4.64,993,-3362,-132,20050,412,-446,73,74,59
4.66,995,-3366,-135,20517,429,-469,76,74,59
4.68,990,-3343,-172,20038,407,-402,67,75,59
4.7,1005,-3361,-227,20475,430,-440,76,74,59
4.72,1005,-3327,-272,20225,460,-431,70,74,59
4.74,1005,-3453,-275,20387,418,-407,31,74,59
4.76,992,-3446,-59,20308,418,-437,70,74,59
4.78,997,-3343,-429,20038,393,-404,36,75,59
4.8,994,-3417,-335,20014,466,-381,40,75,59
4.82,999,-3367,-302,20493,450,-421,64,74,59
4.84,995,-3424,-394,20461,470,-434,63,75,59
4.86,1005,-3391,-286,20412,410,-462,75,75,59
4.88,993,-3359,-261,20373,446,-383,69,75,59
4.9,996,-3431,-333,20172,411,-410,40,75,59
4.92,994,-3316,-302,20474,417,-453,70,75,59
4.94,992,-3482,-148,20401,474,-434,53,74,59
4.96,1001,-3305,-252,20202,382,-479,31,75,59
4.98,1003,-3452,-395,20590,465,-449,58,74,59
5.0,991,-3338,-228,20386,431,-452,60,74,59
5.0200000000000005,994,-3370,-14,20098,382,-460,58,75,59
5.04,995,-3371,-253,20213,477,-390,49,74,59
5.0600000000000005,999,-3413,-454,20581,399,-463,32,75,59
5.08,1004,-3365,-203,20218,438,-390,78,74,59
5.1000000000000005,995,-3409,-1,20572,396,-434,74,75,59
5.12,1001,-3303,-138,20068,420,-382,71,75,59
5.14,997,-3372,-17,20223,382,-430,47,74,59
5.16,1001,-3431,-10,20354,460,-399,77,74,59
5.18,997,-3367,-474,20002,480,-451,72,74,59
5.2,997,-3443,-197,20568,416,-388,47,75,59
5.22,997,-3394,-71,20154,464,-464,45,75,59
5.24,1003,-3313,-178,20079,396,-460,64,75,59
5.26,990,-3445,-358,20193,393,-386,79,75,59
5.28,999,-3346,-265,20455,416,-383,38,74,59
5.3,993,-3332,-393,20420,399,-434,58,75,59
5.32,997,-3458,-227,20455,400,-478,40,75,59
5.34,1006,-3374,-14,20544,399,-474,49,74,59
5.36,1000,-3372,-297,20583,466,-453,62,75,59
5.38,993,-3428,-399,20060,448,-402,63,75,59
5.4,999,-3386,-220,20029,401,-440,63,75,59
5.42,998,-3415,-236,20111,468,-381,61,74,59
5.44,992,-3446,-290,20225,383,-393,55,75,59
5.46,992,-3411,-339,20433,386,-389,45,74,59
5.48,993,-3357,-440,20447,476,-460,31,74,59
5.5,993,-3336,-252,20159,400,-475,68,75,59
5.5200000000000005,990,-3415,-269,20595,463,-465,46,75,59
5.54,992,-3442,-40,20427,403,-464,72,75,59
5.5600000000000005,992,-3317,-289,20202,455,-432,76,75,59
5.58,1005,-3308,-4,20529,398,-427,35,75,59
5.6000000000000005,997,-3383,-92,20472,456,-387,33,75,59
5.62,1003,-3426,-248,20147,448,-382,67,75,59
5.64,1006,-3463,-499,20121,470,-382,79,74,59
5.66,994,-3496,-291,20515,436,-408,33,74,59
5.68,1003,-3409,-296,20565,393,-421,39,75,59
5.7,1000,-3424,-305,20230,440,-477,43,75,59
5.72,1003,-3339,-173,20317,382,-441,63,74,59
5.74,1000,-3340,-390,20554,471,-451,69,74,59
5.76,992,-3492,-440,20408,473,-397,45,74,59
5.78,992,-3378,-229,20194,444,-471,59,75,59
5.8,1000,-3443,-271,20132,397,-475,64,75,59
5.82,996,-3447,-371,20423,433,-479,63,75,59
5.84,1002,-3306,-372,20224,409,-423,56,75,59
5.86,992,-3311,-111,20226,414,-475,32,74,59
5.88,996,-3371,-136,20122,437,-387,30,75,59
5.9,998,-3464,-34,20520,466,-398,41,74,59
5.92,1002,-3429,-209,20183,389,-475,37,75,59
5.94,996,-3357,-198,20081,405,-469,78,74,59
5.96,993,-3354,-257,20397,404,-459,76,74,59
5.98,1004,-3313,-83,20500,427,-450,78,74,59
6.0,993,-3427,-19,20400,434,-397,57,75,59
6.0200000000000005,999,-3315,-280,20193,449,-383,34,75,59
6.04,1005,-3313,-494,20035,440,-466,42,74,59
6.0600000000000005,1002,-3316,-408,20530,432,-384,43,75,59
6.08,995,-3400,-472,20031,473,-473,61,75,59
6.1000000000000005,990,-3406,-361,20007,419,-392,54,75,59
6.12,997,-3330,-225,20013,404,-427,48,75,59
6.140000000000001,998,-3362,-381,20502,450,-454,40,74,59
6.16,992,-3498,-385,20453,466,-399,46,75,59
6.18,993,-3341,-494,20198,420,-431,32,74,59
6.2,1004,-3409,-448,20376,459,-460,40,75,59
6.22,1003,-3419,-330,20520,479,-389,72,74,59
6.24,995,-3377,-393,20283,440,-398,75,74,59
6.26,990,-3339,-187,20324,427,-458,44,75,59
6.28,991,-3478,-476,20447,406,-438,74,74,59
6.3,992,-3467,-307,20045,416,-429,67,74,59
6.32,993,-3456,-399,20527,432,-446,55,74,59
6.34,999,-3378,-468,20557,475,-454,53,74,59
6.36,991,-3422,-332,20203,395,-450,78,74,59
6.38,1003,-3482,-251,20058,429,-398,50,75,59
6.4,1005,-3332,-324,20472,425,-445,61,74,59
6.42,995,-3466,-204,20112,403,-397,67,75,59
6.44,1005,-3446,-397,20041,383,-419,78,74,59
6.46,993,-3354,-6,20238,421,-382,61,74,59
6.48,995,-3358,-406,20207,442,-479,71,75,59
6.5,1004,-3386,-394,20229,433,-442,51,75,59
6.5200000000000005,990,-3395,-299,20467,479,-415,32,75,59
6.54,992,-3344,-286,20138,450,-410,54,75,59
6.5600000000000005,999,-3454,-427,20490,445,-382,65,74,59
6.58,996,-3461,-381,20585,452,-469,55,75,59
6.6000000000000005,998,-3374,-142,20101,396,-389,44,75,59
6.62,998,-3499,-359,20292,462,-380,33,75,59
6.640000000000001,999,-3377,-219,20392,388,-446,47,75,59
6.66,1003,-3490,-288,20150,453,-444,69,75,59
6.68,1000,-3352,-288,20164,393,-411,74,74,59
6.7,992,-3459,-405,20206,402,-473,75,74,59
6.72,995,-3310,-28,20163,414,-439,45,75,59
6.74,999,-3445,-432,20167,395,-463,73,74,59
6.76,1003,-3440,-149,20515,396,-438,65,74,59
6.78,1000,-3317,-151,20097,393,-408,76,75,59
6.8,998,-3483,-414,20147,416,-463,37,75,59
6.82,992,-3345,-39,20423,391,-439,38,74,59
6.84,992,-3316,-183,20101,452,-390,77,75,59
6.86,1003,-3399,0,20186,473,-468,32,74,59
6.88,997,-3368,-465,20596,440,-420,61,74,59
6.9,1001,-3443,-144,20363,406,-449,41,75,59
6.92,1006,-3500,-276,20360,418,-424,52,74,59
6.94,997,-3330,-65,20529,410,-391,44,75,59
6.96,992,-3347,-226,20302,446,-477,36,74,59
6.98,995,-3453,-53,20154,427,-464,32,74,59
7.0,1004,-3362,-6,20449,476,-428,66,74,59
7.0200000000000005,994,-3466,-374,20221,453,-395,56,74,59
7.04,998,-3315,-321,20355,417,-417,46,74,59
7.0600000000000005,993,-3471,-84,20253,383,-433,73,74,59
7.08,990,-3464,-241,20565,380,-461,58,74,59
7.1000000000000005,993,-3393,-116,20528,477,-432,54,75,59
7.12,1000,-3348,-220,20067,382,-398,78,75,59
7.140000000000001,999,-3425,-418,20069,425,-450,41,74,59
7.16,1005,-3360,-8,20551,388,-477,32,74,59
7.18,1004,-3349,-143,20147,463,-438,77,74,59
7.2,991,-3366,-338,20506,390,-396,69,75,59
7.22,1000,-3387,-322,20484,396,-425,37,74,59
7.24,995,-3324,-179,20180,463,-464,30,75,59
7.26,1002,-3378,-295,20298,458,-390,80,75,59
7.28,992,-3360,-217,20482,405,-435,48,74,59
7.3,994,-3310,-143,20511,397,-437,35,75,59
7.32,995,-3493,-54,20174,455,-422,71,75,59
7.34,1001,-3435,-199,20467,406,-479,75,75,59
7.36,994,-3483,-137,20114,444,-448,58,74,59
7.38,990,-3439,-212,20487,466,-453,38,74,59
7.4,990,-3497,-161,20415,456,-381,31,75,59
7.42,1006,-3473,-16,20104,399,-474,69,74,59
7.44,1001,-3357,-436,20028,417,-412,31,75,59
7.46,990,-3440,-408,20008,468,-413,36,75,59
7.48,996,-3483,-108,20133,416,-456,34,74,59
7.5,1005,-3387,-288,20108,442,-402,30,75,59
7.5200000000000005,1002,-3333,-463,20097,465,-453,33,74,59
7.54,992,-3329,-148,20028,392,-402,65,75,59
7.5600000000000005,1000,-3365,-274,20087,394,-440,68,75,59
7.58,1000,-3442,-392,20198,419,-415,67,75,59
7.6000000000000005,997,-3494,-132,20003,454,-446,61,75,59
7.62,1004,-3403,-319,20469,437,-453,73,74,59
7.640000000000001,994,-3418,-407,20315,475,-415,31,74,59
7.66,1003,-3386,-227,20132,391,-400,64,74,59
7.68,1002,-3333,-319,20567,472,-441,39,74,59
7.7,994,-3463,-453,20160,393,-438,60,74,59
7.72,1004,-3360,-65,20509,404,-429,35,74,59
7.74,990,-3407,-336,20257,391,-461,30,75,59
7.76,999,-3340,-181,20114,451,-406,65,75,59
7.78,1002,-3470,-186,20417,411,-437,42,74,59
7.8,998,-3424,-101,20421,380,-439,49,75,59
7.82,993,-3425,-391,20496,453,-415,44,75,59
7.84,990,-3301,-312,20485,461,-394,41,74,59
7.86,991,-3478,-12,20254,480,-403,65,74,59
7.88,998,-3312,-364,20529,404,-441,65,74,59
7.9,1005,-3354,-500,20525,421,-418,64,74,59
7.92,993,-3472,-494,20196,455,-380,54,75,59
7.94,1002,-3486,-491,20106,389,-404,48,75,59
7.96,998,-3311,-391,20035,451,-399,77,75,59
7.98,1000,-3457,-390,20462,429,-408,66,75,59
8.0,1006,-3306,-3,20375,396,-424,46,75,59
8.02,996,-3462,-491,20378,441,-391,77,74,59
8.040000000000001,1000,-3366,-110,20073,424,-439,73,74,59
8.06,1006,-3307,-52,20364,471,-397,49,75,59
8.08,990,-3456,-96,20267,466,-382,56,74,59
8.1,1006,-3403,-316,20181,432,-399,68,75,59
8.120000000000001,1000,-3333,-46,20386,405,-389,33,75,59
8.14,1006,-3312,-341,20248,418,-463,65,75,59
8.16,991,-3334,-152,20030,449,-437,51,75,59
8.18,994,-3381,-278,20505,469,-464,60,75,59
8.2,1006,-3389,-485,20465,446,-454,67,75,59
8.22,1003,-3338,-431,20239,404,-479,60,74,59
8.24,996,-3396,-45,20057,473,-468,65,75,59
8.26,1005,-3398,-177,20277,443,-480,60,75,59
8.28,1001,-3394,-328,20325,398,-480,44,75,59
8.3,992,-3474,-202,20377,428,-442,39,75,59
8.32,999,-3411,-449,20251,452,-436,53,75,59
8.34,1006,-3452,-113,20067,458,-418,69,75,59
8.36,1004,-3329,-483,20382,420,-382,69,75,59
8.38,1002,-3303,-18,20491,456,-467,66,74,59
8.4,999,-3470,-299,20424,475,-417,64,74,59
8.42,999,-3372,-299,20591,398,-408,49,74,59
8.44,1006,-3408,-127,20364,455,-419,46,75,59
8.46,1005,-3340,-121,20590,390,-474,65,75,59
8.48,995,-3322,-32,20316,476,-393,78,75,59
8.5,992,-3351,-353,20334,477,-396,31,75,59
8.52,1006,-3378,-322,20089,390,-430,66,74,59
8.540000000000001,1006,-3392,-83,20075,476,-400,44,74,59
8.56,1001,-3331,-437,20240,398,-473,58,75,59
8.58,991,-3342,-181,20065,477,-455,71,74,59
8.6,999,-3455,-415,20303,473,-400,65,75,59
8.620000000000001,995,-3310,-77,20541,387,-452,38,75,59
8.64,992,-3380,-72,20441,390,-479,30,74,59
8.66,990,-3486,-209,20471,480,-428,37,74,59
8.68,1001,-3364,-352,20189,400,-388,48,74,59
8.700000000000001,992,-3438,-423,20040,445,-407,70,74,59
8.72,992,-3332,-69,20184,410,-388,65,75,59
8.74,1003,-3322,-466,20497,451,-456,43,74,59
8.76,995,-3466,-376,20312,384,-425,74,75,59
8.78,990,-3312,-251,20310,396,-447,36,75,59
8.8,1006,-3492,-164,20189,428,-415,68,75,59
8.82,1002,-3416,-206,20060,437,-396,70,74,59
8.84,997,-3384,-380,20316,427,-402,79,75,59
8.86,996,-3408,-176,20335,460,-411,40,74,59
8.88,1004,-3429,-472,20588,472,-453,35,75,59
8.9,1002,-3349,-447,20111,477,-398,35,75,59
8.92,994,-3476,-30,20320,383,-432,42,74,59
8.94,1000,-3348,-118,20395,394,-461,72,75,59
8.96,993,-3395,-31,20432,393,-403,59,74,59
8.98,1002,-3351,-208,20032,433,-421,59,74,59
9.0,991,-3451,-267,20247,384,-477,44,74,59
9.02,1005,-3480,-269,20471,423,-417,76,75,59
9.040000000000001,997,-3410,-192,20350,381,-384,77,74,59
9.06,995,-3488,-381,20597,399,-446,46,74,59
9.08,999,-3381,-466,20060,454,-388,72,74,59
9.1,996,-3303,-53,20057,410,-402,50,75,59
9.120000000000001,1002,-3347,-376,20057,429,-443,64,74,59
9.14,1003,-3497,-449,20534,424,-385,38,75,59
9.16,1003,-3446,-385,20479,438,-444,36,74,59
9.18,994,-3482,-320,20398,414,-434,36,75,59
9.200000000000001,994,-3486,-202,20330,426,-460,53,75,59
9.22,1003,-3348,-124,20301,434,-380,60,75,59
9.24,999,-3419,-379,20422,435,-469,56,75,59
9.26,1001,-3337,-133,20423,423,-418,61,74,59
9.28,1006,-3433,-368,20533,416,-428,41,75,59
9.3,997,-3470,-237,20250,412,-398,43,75,59
9.32,1005,-3456,-120,20336,477,-469,75,74,59
9.34,999,-3474,-39,20531,417,-444,74,75,59
9.36,1005,-3399,-5,20386,443,-452,64,75,59
9.38,1000,-3341,-180,20224,452,-396,44,75,59
9.4,995,-3330,-2,20158,383,-443,39,75,59
9.42,998,-3477,0,20563,444,-398,56,74,59
9.44,996,-3416,-176,20105,427,-415,78,75,59
9.46,991,-3319,-343,20049,417,-453,60,74,59
9.48,998,-3375,-105,20291,473,-443,74,74,59
9.5,993,-3474,-13,20247,469,-422,57,75,59
9.52,1000,-3347,-66,20173,461,-426,56,75,59
9.540000000000001,990,-3467,-76,20267,480,-445,32,75,59
9.56,999,-3368,-380,20147,419,-393,35,75,59
9.58,999,-3461,-182,20122,449,-440,59,75,59
9.6,999,-3346,-351,20536,400,-476,48,75,59
9.620000000000001,999,-3435,-65,20146,381,-454,52,75,59
9.64,990,-3363,-96,20159,475,-477,69,74,59
9.66,993,-3333,-65,20305,447,-471,50,75,59
9.68,1002,-3325,-367,20000,463,-472,55,75,59
9.700000000000001,1003,-3420,-325,20044,461,-461,79,75,59
9.72,990,-3477,-3,20308,477,-473,39,75,59
9.74,1004,-3435,-424,20234,381,-458,44,75,59
9.76,1005,-3334,-21,20368,421,-405,64,75,59
9.78,996,-3337,-140,20194,391,-395,74,74,59
9.8,993,-3344,-127,20057,405,-432,59,75,59
9.82,994,-3419,-303,20499,473,-402,65,75,59
9.84,1001,-3482,-289,20225,430,-393,51,75,59
9.86,997,-3459,-48,20338,479,-456,67,75,59
9.88,995,-3489,-375,20398,442,-413,49,74,59
9.9,1000,-3420,-362,20399,439,-425,51,75,59
9.92,991,-3479,-279,20453,389,-440,51,74,59
9.94,998,-3411,-273,20597,455,-424,48,74,59
9.96,1004,-3340,-60,20564,395,-476,49,75,59
9.98,1005,-3384,-440,20231,406,-431,78,75,59
10.0,998,-3416,-298,20165,392,-385,34,74,59
10.02,993,-3366,-438,20253,389,-409,34,75,59
10.040000000000001,990,-3465,-340,20356,442,-397,56,75,59
10.06,996,-3354,-68,20187,445,-396,52,75,59
10.08,990,-3337,-260,20206,403,-478,64,74,59
10.1,995,-3433,-51,20038,467,-453,72,75,59
10.120000000000001,1000,-3454,-286,20299,435,-466,55,74,59
10.14,996,-3413,-42,20300,401,-468,69,75,59
10.16,1001,-3315,-170,20537,405,-478,75,74,59
10.18,995,-3408,-494,20232,411,-386,39,74,59
10.200000000000001,996,-3355,-194,20305,466,-471,55,74,59
10.22,994,-3418,-24,20532,462,-426,75,74,59
10.24,1003,-3356,-73,20451,432,-397,80,74,59
10.26,998,-3473,-207,20491,445,-433,50,75,59
10.28,999,-3346,-237,20068,412,-476,35,74,59
10.3,998,-3488,-292,20258,473,-395,49,75,59
