Time,Ax,Ay,Az,label
0.0,-12924,5552,13232,7
0.02,-12964,5632,13400,7
0.04,-13080,5460,13424,7
0.06,-13004,5448,13252,7
0.08,-12956,5584,13228,7
0.1,-13168,5452,13272,7
0.12,-12960,5516,13376,7
0.14,-13056,5600,13428,7
0.16,-12848,5492,13368,7
0.18,-13012,5516,13308,7
0.2,-13032,5484,13436,7
0.22,-12844,5516,13300,7
0.24,-13080,5428,13220,7
0.26,-12988,5460,13252,7
0.28,-12984,5568,13348,7
0.3,-13148,5548,13136,7
0.32,-13004,5528,13308,7
0.34,-13128,5512,13236,7
0.36,-12956,5644,13328,7
0.38,-13068,5520,13396,7
0.4,-13128,5592,13156,7
0.42,-13076,5476,13240,7
0.44,-13140,5568,13240,7
0.46,-12816,5460,13476,7
0.48,-12888,5464,13400,7
0.5,-13040,5392,13256,7
0.52,-13012,5420,13172,7
0.54,-13052,5472,13100,7
0.56,-13140,5600,13252,7
0.58,-13312,5800,13328,7
0.6,-12956,5724,13244,7
0.62,-12984,5632,13280,7
0.64,-13020,5516,13108,7
0.66,-12932,5496,13152,7
0.68,-13100,5528,13456,7
0.7,-13132,5484,13340,7
0.72,-13092,5500,13212,7
0.74,-12944,5476,13336,7
0.76,-12968,5568,13512,7
0.78,-12932,5560,13184,7
0.8,-12936,5496,13348,7
0.82,-13112,5552,13176,7
0.84,-13000,5532,13388,7
0.86,-12972,5476,13276,7
0.88,-12976,5652,13188,7
0.9,-12836,5556,13276,7
0.92,-12980,5456,13508,7
0.94,-12916,5500,13340,7
0.96,-13004,5504,13304,7
0.98,-13016,5600,13448,7
1.0,-12976,5372,13196,7
1.02,-13132,5404,13180,7
1.04,-13088,5528,13436,7
1.06,-13004,5484,13272,7
1.08,-13164,5548,13228,7
1.1,-13056,5492,13216,7
1.12,-12888,5556,13320,7
1.14,-13052,5720,13364,7
1.16,-13068,5616,13436,7
1.18,-13060,5544,13364,7
1.2,-12880,5468,13356,7
1.22,-13000,5496,13236,7
1.24,-13052,5528,13260,7
1.26,-12988,5548,13312,7
1.28,-13088,5632,13248,7
1.3,-13164,5664,13184,7
1.32,-12968,5540,13220,7
1.34,-13120,5464,13240,7
1.36,-12960,5572,13368,7
1.38,-13052,5648,13512,7
1.4,-13132,5512,13348,7
1.42,-12992,5392,13252,7
1.44,-12988,5416,13376,7
1.46,-12952,5440,13376,7
1.48,-13076,5528,13448,7
1.5,-12968,5528,13352,7
1.52,-13160,5448,13212,7
1.54,-12848,5396,13336,7
1.56,-12972,5376,13400,7
1.58,-13068,5464,13408,7
1.6,-13000,5456,13440,7
1.62,-13088,5432,13372,7
1.64,-12876,5496,13356,7
1.66,-12888,5488,13308,7
1.68,-13004,5516,13332,7
1.7,-13152,5464,13320,7
1.72,-12980,5448,13436,7
1.74,-13148,5476,13480,7
1.76,-12944,5520,13324,7
1.78,-12888,5440,13268,7
1.8,-13140,5504,13332,7
1.82,-12960,5488,13404,7
1.84,-13044,5612,13444,7
1.86,-13188,5592,13288,7
1.88,-13108,5416,13172,7
1.9,-12932,5444,13164,7
1.92,-12928,5552,13380,7
1.94,-13128,5508,13500,7
1.96,-13160,5540,13320,7
1.98,-13120,5504,13204,7
2.0,-12952,5492,13212,7
2.02,-13004,5488,13136,7
2.04,-13160,5472,13228,7
2.06,-13132,5560,13356,7
2.08,-13096,5568,13292,7
2.1,-13036,5512,13232,7
2.12,-12856,5500,13388,7
2.14,-12896,5488,13344,7
2.16,-13008,5592,13308,7
2.18,-13020,5484,13400,7
2.2,-13008,5360,13288,7
2.22,-12976,5416,13392,7
2.24,-13164,5464,13440,7
2.26,-12904,5496,13356,7
2.28,-12876,5396,13312,7
2.3,-12880,5396,13432,7
2.32,-12728,5488,13564,7
2.34,-12996,5356,13404,7
2.36,-13064,5412,13480,7
2.38,-13072,5556,13268,7
2.4,-12888,5568,13420,7
2.42,-12960,5520,13500,7
2.44,-13048,5552,13372,7
2.46,-12884,5508,13508,7
2.48,-12944,5524,13376,7
2.5,-12916,5412,13392,7
2.52,-13064,5512,13364,7
2.54,-13052,5556,13404,7
2.56,-12916,5456,13312,7
2.58,-12988,5568,13180,7
2.6,-12976,5676,13444,7
2.62,-12964,5528,13368,7
2.64,-13088,5540,13236,7
2.66,-13064,5484,13248,7
2.68,-13004,5512,13404,7
2.7,-13024,5492,13416,7
2.72,-12956,5608,13380,7
2.74,-13072,5516,13264,7
2.76,-13016,5544,13240,7
2.78,-13012,5560,13304,7
2.8,-13056,5444,13320,7
2.82,-13084,5624,13316,7
2.84,-13036,5476,13272,7
2.86,-13036,5408,13216,7
2.88,-13048,5548,13420,7
2.9,-13052,5452,13364,7
2.92,-12988,5416,13176,7
2.94,-12660,5368,13380,7
2.96,-12560,5392,13640,7
2.98,-12860,5528,13572,7
3.0,-13192,5512,13388,7
3.02,-13148,5472,13104,7
3.04,-12796,5516,13204,7
3.06,-12816,5512,13336,7
3.08,-12936,5556,13644,6
3.1,-13112,5612,13776,6
3.12,-12972,5536,13204,7
3.14,-12964,5400,13248,7
3.16,-12892,5492,13344,7
3.18,-13060,5592,13456,7
3.2,-12984,5524,13676,6
3.22,-12960,5600,13528,7
3.24,-12928,5588,13352,7
3.26,-12824,5456,13284,7
3.28,-12868,5456,13408,7
3.3,-12952,5536,13384,7
3.32,-13116,5556,13480,7
3.34,-13092,5552,13252,7
3.36,-12888,5552,13320,7
3.38,-13092,5572,13552,6
3.4,-12956,5600,13548,6
3.42,-13144,5524,13384,7
3.44,-12956,5444,13160,7
3.46,-12792,5384,13400,7
3.48,-12812,5480,13516,7
3.5,-13016,5664,13496,7
3.52,-13128,5600,13404,7
3.54,-13148,5476,13132,7
3.56,-12900,5364,13140,7
3.58,-12996,5468,13324,7
3.6,-13040,5580,13564,6
3.62,-12968,5488,13632,6
3.64,-12808,5488,13320,7
3.66,-12832,5512,13540,7
3.68,-13032,5400,13384,7
3.7,-13124,5392,13508,7
3.72,-13144,5400,13324,7
3.74,-12948,5352,13400,7
3.76,-12876,5480,13344,7
3.78,-12920,5504,13616,6
3.8,-12916,5580,13440,7
3.82,-12872,5440,13260,7
3.84,-12828,5440,13200,7
3.86,-12876,5604,13316,7
3.88,-13048,5492,13376,7
3.9,-12992,5560,13512,7
3.92,-12880,5480,13448,7
3.94,-12800,5460,13332,7
3.96,-13032,5644,13392,7
3.98,-12964,5696,13656,6
4.0,-13224,5436,13312,7
4.02,-13044,5388,13012,7
4.04,-12932,5408,13140,7
4.06,-12740,5440,13616,7
4.08,-12852,5528,13660,6
4.1,-12984,5592,13672,6
4.12,-13084,5448,13348,7
4.14,-12976,5516,13016,7
4.16,-12948,5580,13132,7
4.18,-13136,5672,13240,7
4.2,-13132,5772,13548,6
4.22,-12992,5652,13384,7
4.24,-12968,5440,13220,7
4.26,-12856,5372,13176,7
4.28,-12976,5568,13508,7
4.3,-13032,5492,13408,7
4.32,-12984,5508,13328,7
4.34,-13028,5600,13252,7
4.36,-12944,5488,13188,7
4.38,-12948,5452,13296,7
4.4,-12928,5388,13432,7
4.42,-12960,5508,13484,7
4.44,-13044,5416,13440,7
4.46,-12920,5460,13300,7
4.48,-12836,5592,13420,7
4.5,-12796,5508,13364,7
4.52,-13120,5468,13504,7
4.54,-13008,5588,13392,7
4.56,-12824,5428,13164,7
4.58,-13048,5372,13312,7
4.6,-12968,5480,13344,7
4.62,-13004,5604,13448,7
4.64,-12960,5428,13452,7
4.66,-12896,5492,13124,7
4.68,-12824,5576,13284,7
4.7,-13056,5576,13380,7
4.72,-13076,5592,13400,7
4.74,-13156,5732,13296,7
4.76,-12852,5492,13344,7
4.78,-12888,5540,13360,7
4.8,-13184,5532,13468,7
4.82,-13088,5700,13428,7
4.84,-12836,5492,13368,7
4.86,-12816,5316,13312,7
4.88,-12868,5404,13196,7
4.9,-13152,5692,13360,7
4.92,-13036,5636,13240,7
4.94,-13128,5700,13212,7
4.96,-12904,5632,13400,7
4.98,-13092,5532,13404,7
5.0,-12996,5540,13288,7
5.02,-12988,5528,13348,7
5.04,-12948,5532,13296,7
5.06,-12952,5544,13368,7
5.08,-13016,5552,13332,7
5.1,-12928,5556,13300,7
5.12,-13024,5560,13412,7
5.14,-13052,5420,13184,7
5.16,-12908,5524,13324,7
5.18,-12980,5464,13396,7
5.2,-12984,5484,13268,7
5.22,-12720,5592,13412,7
5.24,-12968,5548,13196,7
5.26,-12932,5556,13304,7
5.28,-13004,5580,13240,7
5.3,-13100,5532,13256,7
5.32,-13032,5572,13428,7
5.34,-12940,5624,13356,7
5.36,-12904,5508,13376,7
5.38,-12836,5580,13428,7
5.4,-12988,5536,13392,7
5.42,-13132,5540,13216,7
5.44,-13148,5460,13308,7
5.46,-13084,5616,13348,7
5.48,-12980,5560,13440,7
5.5,-12924,5416,13372,7
5.52,-12936,5420,13216,7
5.54,-13028,5540,13248,7
5.56,-13136,5584,13232,7
5.58,-13156,5832,13260,7
5.6,-13180,5732,13248,7
5.62,-12988,5544,13204,7
5.64,-12848,5356,13372,7
5.66,-12912,5496,13316,7
5.68,-13196,5576,13396,7
5.7,-13104,5648,13320,7
5.72,-12928,5508,13208,7
5.74,-12992,5440,13144,7
5.76,-12756,5588,13424,7
5.78,-13024,5440,13508,7
5.8,-12932,5440,13404,7
5.82,-13084,5504,13336,7
5.84,-13040,5496,13220,7
5.86,-12904,5592,13380,7
5.88,-13000,5592,13280,7
5.9,-12948,5556,13412,7
5.92,-12880,5508,13252,7
5.94,-12884,5572,13396,7
5.96,-13036,5536,13328,7
5.98,-12996,5440,13244,7
6.0,-12972,5452,13392,7
6.02,-13112,5556,13464,7
6.04,-12956,5612,13324,7
6.06,-12928,5520,13344,7
6.08,-13008,5684,13332,7
6.1,-13052,5536,13372,7
6.12,-13080,5476,13300,7
6.14,-13100,5484,13188,7
6.16,-12932,5508,13408,7
6.18,-13024,5560,13208,7
6.2,-12984,5520,13420,7
6.22,-13004,5632,13124,7
6.24,-13012,5492,13368,7
6.26,-12992,5432,13340,7
6.28,-13056,5436,13084,7
6.3,-13004,5420,13276,7
6.32,-13052,5680,13420,7
6.34,-13012,5660,13376,7
6.36,-13112,5488,13168,7
6.38,-13132,5564,13096,7
6.4,-13144,5480,13252,7
6.42,-12976,5572,13308,7
6.44,-13044,5476,13256,7
6.46,-12996,5484,13320,7
6.48,-12980,5436,13248,7
6.5,-12976,5528,13480,7
6.52,-13124,5456,13384,7
6.54,-13016,5552,13320,7
6.56,-12932,5424,13220,7
6.58,-12912,5364,13344,7
6.6,-13056,5524,13376,7
6.62,-12992,5476,13284,7
6.64,-12944,5424,13172,7
6.66,-12872,5388,13308,7
6.68,-13040,5476,13296,7
6.7,-13120,5544,13508,7
6.72,-13036,5480,13416,7
6.74,-13024,5408,13348,7
6.76,-12948,5568,13440,7
6.78,-12948,5488,13352,7
6.8,-13096,5504,13256,7
6.82,-12948,5592,13208,7
6.84,-12956,5464,13176,7
6.86,-13184,5608,13272,7
6.88,-12996,5612,13348,7
6.9,-12960,5532,13220,7
6.92,-12988,5468,13336,7
6.94,-12912,5524,13184,7
6.96,-12880,5464,13316,7
6.98,-13016,5316,13228,7
7.0,-13048,5488,13276,7
7.02,-13060,5504,13376,7
7.04,-13064,5604,13224,7
7.06,-13000,5560,13192,7
7.08,-13124,5524,13296,7
7.1,-12944,5440,13448,7
7.12,-13056,5476,13340,7
7.14,-12976,5452,13252,7
7.16,-13068,5428,13348,7
7.18,-12908,5464,13348,7
7.2,-12924,5424,13452,7
7.22,-12888,5448,13272,7
7.24,-13048,5356,13264,7
7.26,-12920,5412,13348,7
7.28,-12968,5404,13264,7
7.3,-12920,5428,13464,7
7.32,-12964,5524,13316,7
7.34,-12944,5452,13244,7
7.36,-13056,5392,13440,7
7.38,-12928,5356,13428,7
7.4,-13004,5420,13400,7
7.42,-13076,5448,13248,7
7.44,-13024,5424,13308,7
7.46,-12988,5520,13280,7
7.48,-13032,5448,13304,7
7.5,-13064,5640,13388,7
7.52,-12928,5460,13344,7
7.54,-13004,5472,13268,7
7.56,-13016,5576,13428,7
7.58,-12876,5384,13288,7
7.6,-13064,5512,13280,7
7.62,-13000,5520,13532,7
7.64,-13056,5628,13512,7
7.66,-13168,5476,13340,7
7.68,-12960,5520,13364,7
7.7,-12924,5352,13400,7
7.72,-13152,5360,13292,7
7.74,-12996,5404,13428,7
7.76,-12944,5460,13492,7
7.78,-12896,5512,13304,7
7.8,-12988,5612,13332,7
7.82,-12960,5484,13340,7
7.84,-12964,5528,13328,7
7.86,-13104,5528,13320,7
7.88,-13088,5508,13308,7
7.9,-12984,5484,13144,7
7.92,-12888,5416,13232,7
7.94,-13096,5524,13292,7
7.96,-13032,5500,13408,7
7.98,-12884,5432,13404,7
8.0,-12912,5524,13316,7
8.02,-12912,5424,13372,7
8.04,-13072,5232,13380,7
8.06,-12972,5328,13244,7
8.08,-13192,5552,13348,7
8.1,-13092,5476,13240,7
8.12,-13040,5424,13196,7
8.14,-12948,5604,13264,7
8.16,-12832,5496,13512,7
8.18,-12852,5440,13472,7
8.2,-12964,5372,13332,7
8.22,-12972,5504,13340,7
8.24,-12924,5368,13224,7
8.26,-13148,5496,13172,7
8.28,-12992,5536,13308,7
8.3,-12948,5504,13384,7
8.32,-13092,5396,13328,7
8.34,-12972,5464,13376,7
8.36,-12952,5544,13352,7
8.38,-12964,5536,13440,7
8.4,-13048,5540,13184,7
8.42,-12904,5556,13364,7
8.44,-13052,5460,13304,7
8.46,-13124,5564,13304,7
8.48,-12912,5368,13360,7
8.5,-12900,5444,13296,7
8.52,-12920,5532,13264,7
8.54,-12892,5480,13360,7
8.56,-13052,5500,13216,7
8.58,-13060,5584,13264,7
8.6,-13184,5460,13132,7
8.62,-12912,5620,13528,7
8.64,-12788,5604,13336,7
8.66,-12956,5512,13320,7
8.68,-12928,5384,13312,7
8.7,-13056,5456,13224,7
8.72,-13096,5316,13252,7
8.74,-13132,5384,13340,7
8.76,-12944,5472,13368,7
8.78,-12916,5476,13416,7
8.8,-12900,5496,13336,7
8.82,-13044,5504,13384,7
8.84,-13068,5428,13316,7
8.86,-13072,5512,13404,7
8.88,-13044,5528,13424,7
8.9,-12912,5440,13376,7
8.92,-13176,5548,13384,7
8.94,-12904,5452,13384,7
8.96,-12988,5556,13320,7
8.98,-12952,5560,13276,7
9.0,-12948,5592,13252,7
9.02,-13048,5472,13276,7
9.04,-12964,5488,13392,7
9.06,-13252,5516,13468,7
9.08,-13048,5628,13428,7
9.1,-12972,5480,13236,7
9.12,-13100,5464,13232,7
9.14,-13016,5512,13348,7
9.16,-12968,5616,13476,7
9.18,-12792,5316,13396,7
9.2,-13048,5552,13308,7
9.22,-13128,5536,13320,7
9.24,-13072,5608,13324,7
9.26,-13132,5568,13288,7
9.28,-13104,5624,13196,7
9.3,-13116,5464,13344,7
9.32,-12984,5368,13420,7
9.34,-13044,5504,13472,7
9.36,-12824,5596,13576,7
9.38,-13004,5368,13116,7
9.4,-12956,5232,12944,7
9.42,-13060,5384,13296,7
9.44,-13088,5596,13388,7
9.46,-12796,5652,13364,7
9.48,-12780,5512,13340,7
9.5,-13056,5476,13224,7
9.52,-13244,5464,13368,7
9.54,-13024,5440,13240,7
9.56,-13044,5552,13320,7
9.58,-12956,5560,13368,7
9.6,-12960,5584,13248,7
9.62,-13024,5548,13372,7
9.64,-13188,5572,13148,7
9.66,-13016,5492,13248,7
9.68,-13088,5572,13232,7
9.7,-13088,5632,13292,7
9.72,-12988,5628,13280,7
9.74,-13164,5460,13468,7
9.76,-13028,5524,13464,7
9.78,-12924,5404,13368,7
9.8,-12928,5476,13236,7
9.82,-13012,5528,13192,7
9.84,-13136,5580,13124,7
9.86,-13372,5680,13292,7
9.88,-13208,5796,13500,6
9.9,-13000,5748,13272,7
9.92,-12936,5520,13160,7
9.94,-13008,5412,13196,7
9.96,-12932,5500,13260,7
9.98,-13096,5576,13356,7
10.0,-12968,5556,13372,7
10.02,-12848,5416,13372,7
10.04,-13128,5452,13220,7
10.06,-13072,5452,13180,7
10.08,-13064,5584,13272,7
10.1,-12924,5488,13292,7
10.12,-12980,5440,13176,7
10.14,-13028,5480,13192,7
10.16,-12956,5492,13524,7
10.18,-13080,5596,13340,7
10.2,-13076,5472,13196,7
10.22,-13068,5464,13100,7
10.24,-13068,5484,13260,7
10.26,-13092,5540,13328,7
10.28,-13068,5604,13440,7
10.3,-13024,5496,13428,7
10.32,-12940,5540,13344,7
10.34,-12960,5544,13128,7
10.36,-13060,5568,13028,7
10.38,-13176,5548,13040,7
10.4,-13104,5516,13272,7
10.42,-13092,5648,13312,7
10.44,-12980,5572,13340,7
10.46,-12844,5372,13384,7
10.48,-13024,5380,13124,7
10.5,-13216,5584,13168,7
10.52,-13148,5608,13264,7
10.54,-12944,5632,13212,7
10.56,-12972,5480,13152,7
10.58,-13008,5564,13212,7
10.6,-13060,5544,13268,7
10.62,-13184,5540,13400,7
10.64,-13124,5352,13132,7
10.66,-12956,5480,13116,7
10.68,-13008,5460,13316,7
10.7,-12936,5388,13384,7
10.72,-12772,5328,13340,7
10.74,-12924,5404,13424,7
10.76,-13076,5392,13368,7
10.78,-12976,5572,13288,7
10.8,-13120,5464,13164,7
10.82,-13152,5568,13112,7
10.84,-12940,5520,13344,7
10.86,-13084,5472,13260,7
10.88,-12908,5404,13372,7
10.9,-13084,5412,13204,7
10.92,-13132,5568,13340,7
10.94,-13104,5488,13316,7
10.96,-13100,5492,13280,7
10.98,-13012,5580,13328,7
11.0,-12964,5476,13224,7
11.02,-13064,5504,13360,7
11.04,-13068,5456,13412,7
11.06,-13092,5468,13276,7
11.08,-13112,5536,13180,7
11.1,-13068,5476,13224,7
11.12,-13080,5456,13220,7
11.14,-13096,5496,13300,7
11.16,-13116,5624,13356,7
11.18,-13196,5564,13400,7
11.2,-13036,5412,13124,7
11.22,-12828,5472,13172,7
11.24,-12996,5472,13244,7
11.26,-13180,5560,13500,6
11.28,-13100,5628,13328,7
11.3,-13020,5700,13176,7
11.32,-13108,5640,13172,7
11.34,-13084,5572,13268,7
11.36,-13156,5580,13448,7
11.38,-13028,5448,13164,7
11.4,-12916,5336,13280,7
11.42,-12964,5468,13196,7
11.44,-13092,5524,13348,7
11.46,-13152,5480,13392,7
11.48,-13052,5460,13388,7
11.5,-12940,5432,13248,7
11.52,-12868,5536,13072,7
11.54,-13044,5536,13416,7
11.56,-12948,5412,13404,7
11.58,-13064,5372,13224,7
11.6,-12968,5460,13284,7
11.62,-12944,5464,13112,7
11.64,-12940,5428,13396,7
11.66,-12992,5444,13440,7
11.68,-12948,5560,13412,7
11.7,-13048,5348,13312,7
11.72,-13020,5404,13148,7
11.74,-13008,5424,13204,7
11.76,-13076,5532,13224,7
11.78,-13064,5444,13412,7
11.8,-13136,5516,13384,7
11.82,-13036,5452,13164,7
11.84,-13152,5416,13228,7
11.86,-12988,5468,13448,7
11.88,-12984,5504,13220,7
11.9,-13220,5548,13252,7
11.92,-13052,5492,13340,7
11.94,-13140,5460,13260,7
11.96,-13072,5292,13288,7
11.98,-13072,5404,13296,7
12.0,-13164,5536,13460,7
12.02,-12968,5456,13204,7
12.04,-13004,5520,13360,7
12.06,-13144,5536,13288,7
12.08,-13056,5628,13212,7
12.1,-13016,5440,13284,7
12.12,-13004,5408,13232,7
12.14,-12932,5444,13288,7
12.16,-12904,5412,13188,7
12.18,-12992,5376,13308,7
12.2,-13172,5524,13392,7
12.22,-13144,5576,13388,7
12.24,-13060,5532,13164,7
12.26,-12976,5316,13204,7
12.28,-12944,5372,13268,7
12.3,-12876,5532,13364,7
12.32,-13072,5560,13532,6
12.34,-13076,5672,13608,6
12.36,-13020,5508,13420,7
12.38,-13152,5456,13408,7
12.4,-12900,5548,13448,7
12.42,-12960,5412,13332,7
12.44,-12800,5260,13276,7
12.46,-13088,5548,13708,6
12.48,-12972,5568,13788,6
12.5,-12896,5488,13596,6
12.52,-12788,5336,13556,7
12.54,-12752,5208,13724,6
12.56,-12536,5276,13752,6
12.58,-12784,5360,14008,6
12.6,-12832,5564,13820,6
12.62,-12760,5596,13956,6
12.64,-12684,5572,14116,6
12.66,-12600,5448,14176,6
12.68,-12692,5420,14184,6
12.7,-12796,5452,14320,6
12.72,-13004,5304,14260,6
12.74,-12912,5436,14616,6
12.76,-12912,5284,14492,6
12.78,-12928,5080,14540,6
12.8,-12712,5172,14440,6
12.82,-12592,5304,14392,6
12.84,-12316,5304,14432,6
12.86,-11772,5388,14680,6
12.88,-11448,5464,14888,6
12.9,-11396,5368,14980,6
12.92,-11452,5480,14948,6
12.94,-11136,5500,14988,6
12.96,-11060,5472,15248,6
12.98,-10824,5616,15700,6
13.0,-10728,5616,15796,6
13.02,-10812,5592,16100,6
13.04,-10760,5820,16232,6
13.06,-11068,5784,16416,6
13.08,-10880,5864,16484,6
13.1,-10652,5880,16816,6
13.12,-10396,5956,17228,6
13.14,-10136,5804,17216,6
13.16,-9736,5816,17204,6
13.18,-9124,5684,17192,6
13.2,-9092,5696,17432,6
13.22,-8432,5636,17252,6
13.24,-8344,5628,17320,6
13.26,-8324,5780,17652,6
13.28,-7800,5516,17976,6
13.3,-7792,5172,18368,6
13.32,-8320,4836,18460,6
13.34,-8572,4892,18192,6
13.36,-7748,4932,17884,6
13.38,-7256,5000,17704,6
13.4,-7240,5292,17868,6
13.42,-7756,5460,17920,6
13.44,-8008,5628,18080,6
13.46,-7620,5268,18144,6
13.48,-7096,4760,17720,6
13.5,-6720,5400,17948,6
13.52,-7996,4968,18604,6
13.54,-8656,5084,17868,6
13.56,-7960,5052,17752,6
13.58,-7584,4752,17148,6
13.6,-7592,4184,17200,6
13.62,-7556,3548,17564,6
13.64,-7116,3220,18068,6
13.66,-8388,2612,17644,6
13.68,-8812,2444,17956,6
13.7,-7084,3324,18688,6
13.72,-6176,3968,19496,6
13.74,-4680,4760,20416,6
13.76,-1624,5900,21396,1
13.78,-508,6136,21780,1
13.8,-316,6544,21688,1
13.82,-788,6212,22240,1
13.84,392,7000,22456,1
13.86,884,6480,23136,1
13.88,-256,7480,24056,6
13.9,-4568,10224,24976,6
13.92,-10060,7424,25984,6
13.94,-3080,11788,25012,6
13.96,1980,12300,22944,1
13.98,468,10636,20372,1
14.0,-1912,8660,19060,1
14.02,-1600,7652,18512,1
14.04,-1212,6772,17600,1
14.06,-1860,4492,16440,7
14.08,-3224,2788,16844,1
14.1,-3500,2344,17488,1
14.12,-2188,1604,18308,1
14.14,-1024,1576,17076,7
14.16,-1256,604,15008,7
14.18,-2304,-784,14536,7
14.2,-1960,-1356,14704,7
14.22,-2924,-956,16096,7
14.24,-2700,-1256,15584,7
14.26,-2036,-2176,14776,7
14.28,-4580,-1576,14104,7
14.3,-8660,-1108,14548,7
14.32,-15268,-2128,17008,6
14.34,-10480,-3080,17212,6
14.36,-5816,456,17240,6
14.38,-5576,1560,14964,7
14.4,-7532,1096,11792,7
14.42,-10168,1660,11720,7
14.44,-9832,5924,13072,7
14.46,-8876,6188,12676,7
14.48,-10656,5784,11980,7
14.5,-15700,6428,11236,7
14.52,-18212,2420,17292,6
14.54,-16948,8256,21684,6
14.56,-13740,10232,25804,6
14.58,-13416,12004,26972,6
14.6,-4688,13964,26008,6
14.62,1260,12428,22732,1
14.64,2392,11632,19860,1
14.66,-440,11836,22772,6
14.68,-3828,11948,23332,6
14.7,-7108,11272,19000,6
14.72,-7656,11176,13004,7
14.74,-8968,12088,10668,7
14.76,-10916,12424,11936,7
14.78,-8052,13364,14664,7
14.8,-7376,13916,14008,7
14.82,-8596,14736,13864,7
14.84,-9052,14840,12716,7
14.86,-6752,15284,12580,7
14.88,-7008,13560,11568,7
14.9,-8880,12568,10680,7
14.92,-9316,13472,10744,7
14.94,-6220,12468,10836,7
14.96,-8200,13248,10540,7
14.98,-7420,13668,11204,7
15.0,-7368,13524,11152,7
15.02,-7872,13836,10716,7
15.04,-8044,13300,10912,7
15.06,-8388,13152,11508,7
15.08,-8212,13232,12756,7
15.1,-7296,13324,13512,7
15.12,-6884,14128,13084,7
15.14,-6736,13452,13176,7
15.16,-6772,13324,13480,7
15.18,-5576,13376,13864,7
15.2,-6500,12764,11844,7
15.22,-6356,12512,13300,7
15.24,-5944,13064,14484,7
15.26,-5416,13468,13876,7
15.28,-5964,14096,13328,7
15.3,-4260,14136,14124,7
15.32,-4220,14428,14452,7
15.34,-5032,13576,12108,7
15.36,-4548,14100,11676,7
15.38,-4828,14108,12152,7
15.4,-4156,13488,12936,7
15.42,-3280,14324,13060,7
15.44,-3896,15324,11668,7
15.46,-3872,15176,11196,7
15.48,-2204,14784,11252,7
15.5,-404,13344,11884,7
15.52,-1424,13012,12648,7
15.54,-3068,14020,13156,7
15.56,-3088,14252,14120,7
15.58,-3356,14584,14072,7
15.6,-1848,14368,13212,7
15.62,-1180,15244,12716,7
15.64,-500,16000,12392,7
15.66,60,14488,11428,7
15.68,-1344,14296,11240,7
15.7,-2228,14428,11784,7
15.72,-2012,15592,12528,7
15.74,-1796,15984,12584,7
15.76,-652,17008,12260,7
15.78,2724,16680,12168,7
15.8,3172,15716,11112,7
15.82,256,15260,10292,7
15.84,-1596,14836,9616,7
15.86,-1632,15884,10476,7
15.88,-1980,17012,11900,7
15.9,-1552,17596,12976,7
15.92,352,18340,13992,7
15.94,2304,17644,11400,7
15.96,1652,15868,10144,7
15.98,60,16504,11096,7
16.0,-3068,17080,12820,7
16.02,-6668,16744,14276,7
16.04,-10004,14628,13120,7
16.06,-10452,13368,10840,7
16.08,-8808,13464,11476,7
16.1,-8020,13048,13024,7
16.12,-11568,11860,14080,6
16.14,-12052,11188,15000,6
16.16,-12764,10244,11212,7
16.18,-8504,9560,9092,7
16.2,-5096,8832,8464,7
16.22,-5892,10208,10824,7
16.24,-5468,12744,12176,7
16.26,-7116,14036,12036,7
16.28,-14828,15760,13452,6
16.3,-13260,14664,12992,6
16.32,-7336,14660,12108,7
16.34,-6320,13216,13292,7
16.36,-7712,13436,13716,7
16.38,-5252,12088,13200,7
16.4,-2560,9696,12724,7
16.42,-1840,7644,12948,7
16.44,-4368,7432,13616,7
16.46,-7144,8264,14120,7
16.48,-7444,8100,13024,7
16.5,-8388,9112,10764,7
16.52,-10272,8692,8072,7
16.54,-7404,8724,7632,7
16.56,-2040,11500,9880,7
16.58,-16,13736,13240,7
16.6,-280,14064,13556,7
16.62,-764,13836,13836,7
16.64,-2316,12712,15560,7
16.66,-4820,15252,17764,6
16.68,-8312,14188,19260,6
16.7,-9304,15256,20344,6
16.72,-6232,13812,20348,6
16.74,-6136,13696,15228,7
16.76,-6716,14540,11512,7
16.78,-6440,14456,9444,7
16.8,-4460,14392,8660,7
16.82,-736,15292,11472,7
16.84,2744,15828,13972,7
16.86,2124,16420,13828,7
16.88,-644,16864,11300,7
16.9,-2216,17160,10056,7
16.92,-4276,17736,9588,7
16.94,-4696,15904,8132,7
16.96,-3444,14840,6952,7
16.98,-3496,15288,8068,7
17.0,-3660,13480,10032,7
17.02,-9412,14972,11312,7
17.04,-8584,13384,11268,7
17.06,-5704,12772,10732,7
17.08,-5908,14128,6808,7
17.1,-4780,16768,4232,7
17.12,-3948,20084,8092,7
17.14,236,19848,6084,7
17.16,-1496,17832,1888,7
17.18,-1960,17900,472,7
17.2,-2540,18372,3128,7
17.22,-728,17052,3928,7
17.24,968,15924,1824,7
17.26,-1344,17504,-548,7
17.28,1660,19308,-3084,7
17.3,-1836,19728,1616,7
17.32,-72,21000,1584,7
17.34,-3416,23400,3604,7
17.36,-152,23592,2164,7
17.38,1428,22780,-4408,7
17.4,2056,24872,-5268,7
17.42,1704,26440,-2952,7
17.44,1148,26232,-1556,7
17.46,-3824,23856,2016,7
17.48,3388,22280,1992,7
17.5,8836,21012,1536,7
17.52,8988,19776,2044,7
17.54,7968,19288,1392,7
17.56,9784,18096,620,7
17.58,7800,16508,1380,7
17.6,2828,16184,2104,7
17.62,-1116,17296,1756,7
17.64,-3040,16948,1620,7
17.66,-2896,16260,2148,7
17.68,-2868,15856,2996,7
17.7,-2856,15964,3872,7
17.72,-2228,17088,3524,7
17.74,-1260,16888,2940,7
17.76,-1616,15488,2524,7
17.78,-2908,15016,2704,7
17.8,-3384,15004,2800,7
17.82,-2484,14184,2992,7
17.84,-2180,13408,3468,7
17.86,-2864,14196,4108,7
17.88,-2844,14700,4048,7
17.9,-1920,13500,3864,7
17.92,-1904,11752,3772,7
17.94,-3580,10768,3996,7
17.96,-5960,10544,4508,7
17.98,-7928,10676,4876,7
18.0,-9152,10916,5512,7
18.02,-9344,11228,5884,7
18.04,-8940,11188,6276,7
18.06,-8736,11096,6492,7
18.08,-9096,11156,6708,7
18.1,-8888,11044,6824,7
18.12,-8228,10352,6472,7
18.14,-7860,9468,6592,7
18.16,-8764,9316,7224,7
18.18,-10624,9296,7780,7
18.2,-11876,9312,8152,7
18.22,-12752,9636,8176,7
18.24,-12400,9892,8164,7
18.26,-11020,9976,8424,7
18.28,-9624,9640,8796,7
18.3,-8664,9080,9028,7
18.32,-7752,9180,9008,7
18.34,-7348,9352,8912,7
18.36,-8264,10192,9224,7
18.38,-8340,10804,9452,7
18.4,-7800,12020,9596,7
18.42,-7056,14948,9292,7
18.44,-6084,18560,8372,7
18.46,-4844,21168,7480,7
18.48,-4832,20928,6848,7
18.5,-6328,17884,6168,7
18.52,-8500,14872,6600,7
18.54,-10892,12732,8340,7
18.56,-13012,13816,10432,7
18.58,-12680,17000,10392,7
18.6,-10124,19852,9436,7
18.62,-6768,21488,7764,7
18.64,-5008,21364,6716,7
18.66,-3748,17712,6716,7
18.68,-3348,15132,7292,7
18.7,-4764,14332,7852,7
18.72,-6408,12916,7932,7
18.74,-7732,11764,7788,7
18.76,-8820,11528,7300,7
18.78,-8904,12164,6896,7
18.8,-7556,12592,7312,7
18.82,-6240,12704,7888,7
18.84,-5836,13072,8624,7
18.86,-6072,14196,8564,7
18.88,-6708,15192,7980,7
18.9,-7120,15048,7616,7
18.92,-7684,14580,7616,7
18.94,-8216,14532,8708,7
18.96,-8448,14196,9280,7
18.98,-8300,14112,9548,7
19.0,-8760,14564,10116,7
19.02,-9244,15112,10612,7
19.04,-9084,15656,10972,7
19.06,-8396,16008,11052,7
19.08,-7852,16884,11048,7
19.1,-8144,19112,11748,7
19.12,-8704,21132,12964,7
19.14,-8756,21544,13764,7
19.16,-7904,19724,13268,7
19.18,-6596,17824,11992,7
19.2,-5968,17356,11456,7
19.22,-6064,19220,11596,7
19.24,-5624,20776,12096,7
19.26,-5100,21644,11632,7
19.28,-5096,21496,10544,7
19.3,-5508,20336,9848,7
19.32,-5636,19464,9048,7
19.34,-5384,18328,8840,7
19.36,-5380,17436,7876,7
19.38,-5288,16716,7920,7
19.4,-5148,16356,7244,7
19.42,-4884,15156,6580,7
19.44,-5112,13668,6016,7
19.46,-5432,12508,5868,7
19.48,-6164,12648,6748,7
19.5,-5988,12728,7236,7
19.52,-5156,12464,7364,7
19.54,-4344,11980,7120,7
19.56,-4112,12088,7020,7
19.58,-4284,12668,7160,7
19.6,-4116,12404,7152,7
19.62,-4012,11556,7276,7
19.64,-4464,10752,7728,7
19.66,-4820,10828,8208,7
19.68,-4564,12216,8208,7
19.7,-4764,14704,8192,7
19.72,-4740,15572,7600,7
19.74,-4816,15876,7436,7
19.76,-5852,16376,7612,7
19.78,-7340,16280,8460,7
19.8,-7792,16468,9580,7
19.82,-7700,18336,10120,7
19.84,-7268,20256,9692,7
19.86,-6448,21180,8564,7
19.88,-5716,22616,7036,7
19.9,-5356,23684,6324,7
19.92,-5360,22336,6448,7
19.94,-6740,20040,6488,7
19.96,-8732,17652,6140,7
19.98,-10024,15988,5512,7
20.0,-11288,15096,5076,7
20.02,-12036,15268,5060,7
20.04,-11628,16412,5656,7
20.06,-10388,16048,6996,7
20.08,-8996,15028,7312,7
20.1,-7592,14744,7192,7
20.12,-7428,14016,7148,7
20.14,-7908,13280,6820,7
20.16,-9096,13680,7200,7
20.18,-10840,14340,8484,7
20.2,-12052,14036,10016,7
20.22,-12172,14476,10524,7
20.24,-11476,14704,9948,7
20.26,-10808,14292,10196,7
20.28,-10640,15144,11052,7
20.3,-10456,16696,12192,7
20.32,-10784,19636,14204,7
20.34,-11980,22300,15452,6
20.36,-10572,22580,13728,7
20.38,-7864,21544,11480,7
20.4,-6804,18264,10612,7
20.42,-6880,17036,10748,7
20.44,-7036,18600,10896,7
20.46,-7484,20088,10688,7
20.48,-7976,22092,10124,7
20.5,-7236,24368,9120,7
20.52,-4668,24124,7624,7
20.54,-3648,22788,6456,7
20.56,-3908,22112,6432,7
20.58,-4300,22020,6528,7
20.6,-4752,21024,6852,7
20.62,-5640,20052,6772,7
20.64,-6244,18572,5440,7
20.66,-5604,16596,4020,7
20.68,-5944,15368,2980,7
20.7,-6880,14628,2712,7
20.72,-6864,14408,3108,7
20.74,-6256,14092,3660,7
20.76,-5908,13396,4176,7
20.78,-5464,12756,4844,7
20.8,-4880,11704,4548,7
20.82,-4628,10624,4252,7
20.84,-5296,10556,4580,7
20.86,-6276,10356,5336,7
20.88,-6816,9648,6876,7
20.9,-7644,9672,8556,7
20.92,-8812,11516,10088,7
20.94,-9432,11680,10216,7
20.96,-9988,11016,10604,7
20.98,-11892,8700,12228,7
21.0,-14848,7016,14488,6
21.02,-17952,8392,15528,6
21.04,-19580,9716,15172,6
21.06,-18684,10188,15040,6
21.08,-17372,9576,14948,6
21.1,-17940,8176,14620,6
21.12,-18492,5748,13860,6
21.14,-18120,3572,13464,7
21.16,-17604,1696,13112,7
21.18,-16664,268,12224,7
21.2,-16292,-48,11596,7
21.22,-16212,340,10812,7
21.24,-16488,1400,10888,7
21.26,-17224,3016,11524,7
21.28,-17480,4372,11512,7
21.3,-17728,4296,11956,7
21.32,-16996,3680,13328,7
21.34,-16308,3748,13340,7
21.36,-16640,4172,12628,7
21.38,-17420,5092,14332,6
21.4,-17412,7004,15492,6
21.42,-16168,6756,14240,6
21.44,-14172,6316,12432,7
21.46,-15572,7636,11016,7
21.48,-18584,12096,10816,7
21.5,-16696,14996,9332,7
21.52,-14148,17328,10048,7
21.54,-14100,14992,10788,7
21.56,-11788,11252,10144,7
21.58,-8976,9956,9076,7
21.6,-8656,10280,9524,7
21.62,-12252,11324,9868,7
21.64,-12844,11296,6936,7
21.66,-12120,9724,5656,7
21.68,-11392,10192,4968,7
21.7,-11332,11908,4600,7
21.72,-9760,12368,3948,7
21.74,-9288,13108,4376,7
21.76,-9940,12796,4936,7
21.78,-11220,12396,3036,7
21.8,-10888,10828,4244,7
21.82,-10664,11268,5736,7
21.84,-14912,11256,8076,7
21.86,-10408,7772,12492,7
21.88,-10476,5016,11152,7
21.9,-22644,2364,9600,7
21.92,-28108,1208,7776,7
21.94,-17468,2680,7880,7
21.96,-11216,3444,7276,7
21.98,-13308,5092,5092,7
22.0,-13160,6872,4596,7
22.02,-14260,5788,7124,7
22.04,-16496,1684,6952,7
22.06,-17284,2400,5752,7
22.08,-15428,3808,5408,7
22.1,-14356,1184,6300,7
22.12,-13852,868,6772,7
22.14,-14568,1732,7144,7
22.16,-16568,2512,7072,7
22.18,-16456,2592,8092,7
22.2,-13724,1884,8816,7
22.22,-13132,1704,8704,7
22.24,-13896,1608,9508,7
22.26,-14140,1628,9500,7
22.28,-13372,1904,9500,7
22.3,-11884,1936,9308,7
22.32,-8540,2280,9904,7
22.34,-7696,2448,9572,7
22.36,-9560,3740,11412,7
22.38,-10796,4608,11272,7
22.4,-11772,6024,11356,7
22.42,-15000,8700,10192,7
22.44,-21984,10948,8896,7
22.46,-26188,8900,9772,7
22.48,-23020,6832,11316,7
22.5,-19928,5584,11416,7
22.52,-19560,4936,10044,7
22.54,-22576,4564,9376,7
22.56,-22776,4096,9156,7
22.58,-19744,4720,10172,7
22.6,-17500,5204,9584,7
22.62,-16892,5384,9172,7
22.64,-17112,5512,8496,7
22.66,-16876,5788,7852,7
22.68,-16300,6208,7908,7
22.7,-15680,6240,8292,7
22.72,-15256,6144,8120,7
22.74,-14768,6280,7876,7
22.76,-14800,6460,7816,7
22.78,-15016,6440,7936,7
22.8,-15020,6420,7684,7
22.82,-15016,6656,7676,7
22.84,-15096,7072,7572,7
22.86,-14844,7264,7632,7
22.88,-14200,7452,7412,7
22.9,-13792,7628,7576,7
22.92,-13772,7808,7748,7
22.94,-13716,8372,7580,7
22.96,-13724,9096,7548,7
22.98,-14132,10388,7564,7
23.0,-14188,11264,7480,7
23.02,-13740,12168,7672,7
23.04,-12860,12432,7848,7
23.06,-11384,11652,8088,7
23.08,-9852,10804,8052,7
23.1,-8612,10608,8104,7
23.12,-8060,11096,8712,7
23.14,-7524,12712,8900,7
23.16,-6556,14344,8768,7
23.18,-5512,15580,8700,7
23.2,-5000,16436,8876,7
23.22,-4936,16840,8772,7
23.24,-5108,16788,8616,7
23.26,-5544,15768,8592,7
23.28,-5768,15276,8312,7
23.3,-6092,15316,8600,7
23.32,-6212,15136,8568,7
23.34,-6060,15100,8820,7
23.36,-5952,15888,8944,7
23.38,-5744,16144,8548,7
23.4,-5188,16604,8488,7
23.42,-4416,17004,8840,7
23.44,-4200,16552,8960,7
23.46,-4536,15768,8524,7
23.48,-4800,15560,8520,7
23.5,-5400,15136,8588,7
23.52,-5984,14556,8780,7
23.54,-6200,14368,9076,7
23.56,-5928,14500,9372,7
23.58,-5376,14512,9468,7
23.6,-4988,14500,9512,7
23.62,-5092,14588,9472,7
23.64,-5300,15104,9476,7
23.66,-5532,15184,9444,7
23.68,-6248,15288,9468,7
23.7,-6756,17392,10236,7
23.72,-7360,19852,10908,7
23.74,-7728,21864,11728,7
23.76,-7596,21740,12280,7
23.78,-7680,19732,12100,7
23.8,-7488,17512,11416,7
23.82,-6432,16488,10416,7
23.84,-5356,16904,9896,7
23.86,-4684,18140,9420,7
23.88,-4208,18464,9096,7
23.9,-4776,17312,8348,7
23.92,-5512,16120,7852,7
23.94,-6016,16704,8328,7
23.96,-5480,16652,8108,7
23.98,-5956,14328,6324,7
24.0,-6540,13396,6356,7
24.02,-7096,13388,6828,7
24.04,-6772,14092,7104,7
24.06,-5756,13724,6444,7
24.08,-5096,12712,6328,7
24.1,-5116,11912,6188,7
24.12,-5176,11856,6556,7
24.14,-5156,11844,6840,7
24.16,-5360,12180,6532,7
24.18,-5676,12156,6392,7
24.2,-6280,12304,6640,7
24.22,-6640,12632,7220,7
24.24,-6972,12976,7636,7
24.26,-7352,12952,8068,7
24.28,-8004,12608,8368,7
24.3,-9116,12072,8868,7
24.32,-9120,11672,9396,7
24.34,-9684,13792,9960,7
24.36,-10784,16600,10152,7
24.38,-11144,17784,11088,7
24.4,-10240,17056,11704,7
24.42,-9428,16656,12380,7
24.44,-9488,16900,13048,7
24.46,-10952,16528,13324,7
24.48,-10724,14052,11876,7
24.5,-8176,12196,12628,7
24.52,-6536,9552,12540,7
24.54,-7332,7780,11452,7
24.56,-7828,7900,11328,7
24.58,-8432,8436,11272,7
24.6,-8060,9356,10824,7
24.62,-7384,10324,10632,7
24.64,-7072,11428,10620,7
24.66,-7764,12792,11000,7
24.68,-8052,12832,10532,7
24.7,-7928,12660,10680,7
24.72,-7880,12972,11324,7
24.74,-7940,14312,11968,7
24.76,-7732,15960,12228,7
24.78,-7972,17592,12252,7
24.8,-8908,19460,12376,7
24.82,-8832,23316,12808,7
24.84,-7816,26572,13704,7
24.86,-6356,26152,13948,7
24.88,-5752,21788,13164,7
24.9,-6228,19112,12576,7
24.92,-7564,20568,12192,7
24.94,-6860,21408,11288,7
24.96,-5336,21620,10160,7
24.98,-4480,21536,9432,7
25.0,-3684,20908,8828,7
25.02,-3320,20056,8208,7
25.04,-3808,18160,7552,7
25.06,-4360,16064,7144,7
25.08,-5004,14792,6844,7
25.1,-5540,14628,7280,7
25.12,-6136,14508,7844,7
25.14,-5728,13620,7692,7
25.16,-4524,13112,7216,7
25.18,-3800,12764,6744,7
25.2,-3440,12796,7084,7
25.22,-2856,12184,7316,7
25.24,-2420,11252,6836,7
25.26,-2876,10188,6384,7
25.28,-4320,9624,6448,7
25.3,-5424,9336,6360,7
25.32,-6676,9204,6224,7
25.34,-7592,8968,5712,7
25.36,-8744,11108,5716,7
25.38,-10032,14904,5868,7
25.4,-9840,15640,5276,7
25.42,-9928,14216,4928,7
25.44,-13152,13992,6696,7
25.46,-12288,14696,7480,7
25.48,-12508,16032,6156,7
25.5,-12796,17156,5300,7
25.52,-11456,17200,5080,7
25.54,-9216,16804,5172,7
25.56,-7696,16136,4644,7
25.58,-8568,14720,4068,7
25.6,-10028,14160,3708,7
25.62,-11516,14760,3520,7
25.64,-13684,14488,3104,7
25.66,-14812,13940,3132,7
25.68,-14884,15136,4100,7
25.7,-14472,16332,5716,7
25.72,-14312,15748,5924,7
25.74,-13920,15388,5216,7
25.76,-13800,15168,5468,7
25.78,-14280,13832,7032,7
25.8,-15500,14004,8848,7
25.82,-17268,16332,9140,7
25.84,-18788,19568,9648,7
25.86,-20584,22076,11040,6
25.88,-18968,21604,11224,7
25.9,-12372,18280,9796,7
25.92,-7068,18412,10100,7
25.94,-6724,22092,9848,7
25.96,-5164,23900,8808,7
25.98,-3172,24408,8044,7
26.0,-4040,22692,7016,7
26.02,-5920,20496,6360,7
26.04,-7200,19100,6668,7
26.06,-7888,19156,7284,7
26.08,-7708,20296,6284,7
26.1,-7176,20392,4520,7
26.12,-6932,19880,3560,7
26.14,-7096,19164,3544,7
26.16,-7084,18084,4768,7
26.18,-7336,19344,5156,7
26.2,-6140,18592,4488,7
26.22,-5660,16444,4328,7
26.24,-6840,15184,4760,7
26.26,-7992,14468,4628,7
26.28,-7488,13488,5188,7
26.3,-6200,12476,5652,7
26.32,-6036,13352,5924,7
26.34,-6000,14044,5696,7
26.36,-5316,11124,5744,7
26.38,-5488,7104,6828,7
26.4,-8460,4988,8572,7
26.42,-13940,5720,9876,7
26.44,-16764,8180,11040,7
26.46,-15780,8372,12712,6
26.48,-14872,7656,14056,6
26.5,-15148,6840,14624,6
26.52,-14152,4308,14752,6
26.54,-13788,3512,14596,6
26.56,-13888,2460,15204,6
26.58,-14992,1392,15556,6
26.6,-15680,908,14880,6
26.62,-15244,1044,13492,7
26.64,-14988,1080,12912,7
26.66,-15940,1152,12820,7
26.68,-16464,1456,12500,7
26.7,-16180,1624,11860,7
26.72,-16004,2000,10632,7
26.74,-16208,2396,9408,7
26.76,-15668,2832,8780,7
26.78,-15456,3056,8328,7
26.8,-15560,3508,8176,7
26.82,-17952,4316,7984,7
26.84,-20552,5752,7284,7
26.86,-18660,6844,7120,7
26.88,-15080,6772,7212,7
26.9,-14652,6928,7624,7
26.92,-15596,8044,7400,7
26.94,-14972,9224,7328,7
26.96,-13620,9888,6960,7
26.98,-12432,10388,7136,7
27.0,-12252,10344,7632,7
27.02,-11212,11044,8400,7
27.04,-11908,11204,8272,7
27.06,-13332,10268,7396,7
27.08,-13404,9240,7244,7
27.1,-11672,8964,7468,7
27.12,-11676,7832,7280,7
27.14,-13500,6692,7168,7
27.16,-14832,6712,6976,7
27.18,-15164,6772,6164,7
27.2,-14932,6224,5900,7
27.22,-15648,6548,5800,7
27.24,-16748,7624,6436,7
27.26,-16356,7980,7136,7
27.28,-14960,7600,7536,7
27.3,-16240,6684,9928,7
27.32,-13060,6744,9612,7
27.34,-10780,6276,11740,7
27.36,-8128,6660,14796,7
27.38,-6548,7556,17772,6
27.4,-8072,7904,16400,6
27.42,-10692,7080,14072,7
27.44,-11568,6828,11872,7
27.46,-9904,7440,11608,7
27.48,-16608,6784,7156,7
27.5,-20604,5188,6508,7
27.52,-21512,6232,5976,7
27.54,-18724,6592,6896,7
27.56,-16536,5520,7644,7
27.58,-13816,5584,7976,7
27.6,-16976,5588,8216,7
27.62,-20092,6940,10036,7
27.64,-16428,4788,8780,7
27.66,-17036,4168,9992,7
27.68,-13776,3428,11376,7
27.7,-15288,1932,8908,7
27.72,-7584,6724,6636,7
27.74,-9536,6832,5504,7
27.76,-14188,6724,4284,7
27.78,-15912,7536,5240,7
27.8,-20072,10188,8932,7
27.82,-19036,5712,8080,7
27.84,-15100,3116,6328,7
27.86,-20596,572,1812,7
27.88,-19800,2676,3908,7
27.9,-16972,3248,5860,7
27.92,-16272,2068,5572,7
27.94,-16456,1408,4136,7
27.96,-16460,828,2184,7
27.98,-14096,9580,3664,7
28.0,-17576,9720,5376,7
28.02,-20436,9648,5356,7
28.04,-19980,9324,5260,7
28.06,-14716,10252,5988,7
28.08,-7908,9768,8652,7
28.1,-5236,8888,8448,7
28.12,-4388,9128,7252,7
28.14,-7228,8728,5600,7
28.16,-12224,7880,4328,7
28.18,-14508,5764,3952,7
28.2,-14116,4064,4528,7
28.22,-14756,3856,4676,7
28.24,-16632,2812,3604,7
28.26,-17792,780,3228,7
28.28,-19580,636,2328,7
28.3,-21640,1904,3360,7
28.32,-20300,1056,3612,7
28.34,-17648,136,3988,7
28.36,-17488,796,4648,7
28.38,-17072,1740,5444,7
28.4,-18276,2852,4812,7
28.42,-19572,4764,3952,7
28.44,-18652,6144,2052,7
28.46,-17752,7048,720,7
28.48,-19956,7360,1764,7
28.5,-16696,8636,3292,7
28.52,-16268,8136,1468,7
28.54,-15264,6884,1196,7
28.56,-15148,7256,1732,7
28.58,-19192,7568,1392,7
28.6,-19268,6888,416,7
28.62,-17468,7284,-756,7
28.64,-19696,8324,28,7
28.66,-19912,8140,1244,7
28.68,-17624,7252,1928,7
28.7,-15336,6660,2572,7
28.72,-13216,6180,2748,7
28.74,-13220,6380,4132,7
28.76,-14228,6232,5300,7
28.78,-15020,5192,6496,7
28.8,-13408,4540,6444,7
28.82,-12188,4996,6504,7
28.84,-13656,5012,6584,7
28.86,-15504,4516,6844,7
28.88,-16020,4728,7192,7
28.9,-16052,4528,7264,7
28.92,-15648,4768,7740,7
28.94,-15124,4852,8784,7
28.96,-15696,4812,9456,7
28.98,-15836,4652,8912,7
29.0,-15724,4656,9000,7
29.02,-16208,4728,8884,7
29.04,-17264,4712,9252,7
29.06,-16276,4440,9204,7
29.08,-15152,4232,9300,7
29.1,-14624,4264,9512,7
29.12,-14752,4196,9604,7
29.14,-15468,3736,9644,7
29.16,-15700,3456,9744,7
29.18,-15452,3444,10156,7
29.2,-13844,3668,9568,7
29.22,-14072,3632,9364,7
29.24,-15524,2992,9844,7
29.26,-16176,2808,9752,7
29.28,-14948,3056,9784,7
29.3,-13420,2992,9472,7
29.32,-15172,2620,9692,7
29.34,-15444,2828,9116,7
29.36,-15256,2560,9060,7
29.38,-14884,2448,9232,7
29.4,-14872,2936,9508,7
29.42,-15728,2888,9860,7
29.44,-15940,3000,9648,7
29.46,-16120,3012,9760,7
29.48,-15628,2996,9844,7
29.5,-14860,3352,9764,7
29.52,-15632,3220,9716,7
29.54,-16124,3452,9836,7
29.56,-16004,3296,9788,7
29.58,-15272,3284,9740,7
29.6,-15268,3112,9948,7
29.62,-15532,2808,10136,7
29.64,-15768,2736,10504,7
29.66,-15800,2884,10640,7
29.68,-15604,2836,10588,7
29.7,-14732,2744,10420,7
29.72,-13944,2896,10040,7
29.74,-13504,2480,9604,7
29.76,-14016,2580,9560,7
29.78,-14892,2396,9752,7
29.8,-15404,2124,9904,7
29.82,-15664,2056,10444,7
29.84,-15752,2512,10804,7
29.86,-16512,5680,7776,7
29.88,-14272,6492,7184,7
29.9,-16480,9836,5864,7
29.92,-17856,11164,6696,7
29.94,-21688,12268,7480,7
29.96,-20868,11456,7012,7
29.98,-17752,10180,6152,7
30.0,-17964,9448,5736,7
30.02,-18624,9508,5816,7
30.04,-21460,10208,5888,7
30.06,-22680,10208,5808,7
30.08,-22304,9512,5200,7
30.1,-21116,9320,6464,7
30.12,-19372,7244,8192,7
30.14,-17768,5664,8728,7
30.16,-17196,3896,8208,7
30.18,-15872,1976,7708,7
30.2,-15188,84,7836,7
30.22,-13752,-1956,6936,7
30.24,-12652,-3060,5940,7
30.26,-11964,-4196,5192,7
30.28,-10292,-4768,5112,7
30.3,-9320,-4816,4976,7
30.32,-10128,-4804,4980,7
30.34,-10316,-3936,6124,7
30.36,-11012,-3148,7888,7
30.38,-12592,-2588,7872,7
30.4,-12628,-2776,7572,7
30.42,-12420,-1904,8632,7
30.44,-13784,-1436,9472,7
30.46,-15916,-664,10280,7
30.48,-17640,-20,11072,7
30.5,-18112,364,11728,7
30.52,-17560,400,12468,7
30.54,-17304,384,11752,7
30.56,-17772,536,11044,7
30.58,-18568,800,10828,7
30.6,-18228,892,10900,7
30.62,-16548,736,10628,7
30.64,-15700,464,10048,7
30.66,-15264,284,9040,7
30.68,-15712,212,8472,7
30.7,-16636,104,8324,7
30.72,-16004,-296,8180,7
30.74,-16020,-516,7968,7
30.76,-15956,-896,7764,7
30.78,-15824,-952,7228,7
30.8,-16420,-1236,7216,7
30.82,-16320,-1516,7384,7
30.84,-15972,-1796,7256,7
30.86,-15608,-1840,7068,7
30.88,-15988,-2216,7032,7
30.9,-15872,-2240,6904,7
30.92,-15656,-2328,7148,7
30.94,-15240,-2416,7632,7
30.96,-15128,-2332,7760,7
30.98,-15672,-1232,7716,7
31.0,-15984,-884,8420,7
31.02,-16028,4,9360,7
31.04,-16664,744,10180,7
31.06,-16296,1504,10584,7
31.08,-16956,2284,11348,7
31.1,-16900,2616,12168,7
31.12,-15848,3280,12812,7
31.14,-14876,3752,13264,7
31.16,-14468,3676,13252,7
31.18,-15312,3700,13092,7
31.2,-15884,3748,13904,6
31.22,-16004,3680,13644,7
31.24,-15868,3080,13124,7
31.26,-15992,2844,12984,7
31.28,-14596,2488,12568,7
31.3,-14428,2448,11980,7
31.32,-14420,1976,11436,7
31.34,-13608,1416,11068,7
31.36,-12328,1320,10360,7
31.38,-12308,736,10096,7
31.4,-11992,20,9616,7
31.42,-12304,-328,8804,7
31.44,-12600,-500,8100,7
31.46,-13636,-772,7696,7
31.48,-15544,-1096,7784,7
31.5,-18540,-620,8492,7
31.52,-21876,1132,9076,7
31.54,-21944,2404,8784,7
31.56,-22628,3736,8768,7
31.58,-21616,4580,9120,7
31.6,-20784,5532,9564,7
31.62,-19340,6216,9016,7
31.64,-16240,6240,8324,7
31.66,-13644,5288,7836,7
31.68,-12040,3804,7580,7
31.7,-12088,2676,7384,7
31.72,-13140,2208,7248,7
31.74,-14892,1948,7560,7
31.76,-16996,1904,8564,7
31.78,-18716,2836,9160,7
31.8,-17776,2532,8356,7
31.82,-15540,1168,7384,7
31.84,-14932,472,6864,7
31.86,-15308,324,6640,7
31.88,-15232,488,6376,7
31.9,-15268,848,6276,7
31.92,-16012,888,6636,7
31.94,-16652,1320,7048,7
31.96,-16572,1364,7308,7
31.98,-15876,884,7248,7
32.0,-15796,468,6912,7
32.02,-15696,216,7292,7
32.04,-15272,-136,8040,7
32.06,-14904,-272,8452,7
32.08,-14776,-984,8976,7
32.1,-14356,-888,9460,7
32.12,-13960,-928,9856,7
32.14,-14396,-1080,11544,7
32.16,-15320,-1384,12140,7
32.18,-14096,-1192,12392,7
32.2,-12064,88,12792,7
32.22,-12896,2460,14672,6
32.24,-15328,4760,16332,6
32.26,-13536,6276,16104,6
32.28,-11492,7708,15344,6
32.3,-12336,10944,14824,6
32.32,-12244,10496,14172,6
32.34,-11436,9720,13012,7
32.36,-10536,9184,11920,7
32.38,-10616,9876,11744,7
32.4,-10528,10764,11756,7
32.42,-10112,10852,11208,7
32.44,-11088,11032,10632,7
32.46,-11844,11936,11204,7
32.48,-11584,11864,11136,7
32.5,-11008,11720,10940,7
32.52,-10884,11384,10912,7
32.54,-9568,10148,10236,7
32.56,-10140,10000,10280,7
32.58,-10584,10000,10808,7
32.6,-10816,9764,10872,7
32.62,-10664,9800,10464,7
32.64,-10804,10124,10608,7
32.66,-11432,10428,11008,7
32.68,-11584,10464,10892,7
32.7,-11368,10404,10444,7
32.72,-11640,10760,10616,7
32.74,-11488,11416,10704,7
32.76,-11044,12824,10696,7
32.78,-10956,14588,10332,7
32.8,-11956,17404,10732,7
32.82,-13024,21616,10908,7
32.84,-15244,-2796,9148,7
32.86,-15672,-2548,9292,7
32.88,-15948,-2608,9252,7
32.9,-15556,-2624,9160,7
32.92,-15352,-2792,9048,7
32.94,-15200,-2548,8984,7
32.96,-15356,-2576,9024,7
32.98,-15800,-2464,8932,7
33.0,-15732,-2572,9036,7
33.02,-15440,-2576,9040,7
33.04,-15280,-2460,8852,7
33.06,-15388,-2484,8736,7
33.08,-15628,-2488,8844,7
33.1,-15808,-2664,9204,7
33.12,-15416,-2512,9052,7
33.14,-15232,-2564,9076,7
33.16,-15660,-2488,8992,7
33.18,-15776,-2392,8836,7
33.2,-15776,-2520,8820,7
33.22,-15464,-2600,8772,7
33.24,-15512,-2424,8716,7
33.26,-15864,-2428,8928,7
33.28,-15556,-2396,8768,7
33.3,-15560,-2676,8724,7
33.32,-15740,-2392,8552,7
33.34,-15908,-2588,8532,7
33.36,-15720,-2512,8720,7
33.38,-15440,-2632,8660,7
33.4,-15392,-2444,8616,7
33.42,-15656,-2416,8548,7
33.44,-15584,-2564,8828,7
33.46,-15616,-2496,8796,7
33.48,-15736,-2564,8760,7
33.5,-15904,-2440,8504,7
33.52,-15664,-2440,8720,7
33.54,-15592,-2568,8744,7
33.56,-15544,-2540,8776,7
33.58,-15688,-2580,8796,7
33.6,-15668,-2512,8868,7
33.62,-15580,-2416,8696,7
33.64,-15612,-2536,8580,7
33.66,-15728,-2648,8624,7
33.68,-15860,-2588,8724,7
33.7,-15728,-2516,8588,7
33.72,-15556,-2556,8668,7
33.74,-15688,-2628,8596,7
33.76,-15740,-2332,8564,7
33.78,-15596,-2488,8696,7
33.8,-15560,-2572,8668,7
33.82,-15648,-2476,8612,7
33.84,-15616,-2488,8720,7
33.86,-15596,-2480,8884,7
33.88,-15548,-2556,8776,7
33.9,-15584,-2500,8744,7
33.92,-15576,-2448,8656,7
33.94,-15680,-2532,8788,7
33.96,-15828,-2664,8840,7
33.98,-15596,-2416,8800,7
34.0,-15468,-2544,8768,7
34.02,-15636,-2532,8760,7
34.04,-15752,-2532,8748,7
34.06,-15780,-2472,8680,7
34.08,-15648,-2540,8732,7
34.1,-15468,-2612,8832,7
34.12,-15464,-2560,8804,7
34.14,-15844,-2468,8608,7
34.16,-15688,-2492,8652,7
34.18,-15728,-2664,8724,7
34.2,-15524,-2512,8728,7
34.22,-15552,-2424,8956,7
34.24,-15620,-2544,8820,7
34.26,-15380,-2416,8640,7
34.28,-15576,-2468,8744,7
34.3,-15648,-2504,8732,7
34.32,-15680,-2580,8804,7
34.34,-15748,-2540,8768,7
34.36,-15584,-2572,8676,7
34.38,-15408,-2468,8588,7
34.4,-15528,-2488,8796,7
34.42,-15932,-2628,8776,7
34.44,-15652,-2432,8860,7
34.46,-15456,-2456,8776,7
34.48,-15500,-2472,8784,7
34.5,-15644,-2420,8820,7
34.52,-15632,-2484,8776,7
34.54,-15492,-2520,8640,7
34.56,-15508,-2660,8780,7
34.58,-15796,-2480,8596,7
34.6,-15720,-2364,8684,7
34.62,-15580,-2580,8900,7
34.64,-15480,-2584,8740,7
34.66,-15288,-2536,8612,7
34.68,-15584,-2528,8728,7
34.7,-15984,-2580,8632,7
34.72,-15552,-2636,8524,7
34.74,-15524,-2500,8568,7
34.76,-15652,-2532,8800,7
34.78,-15576,-2436,8808,7
34.8,-15668,-2488,8604,7
34.82,-15408,-2656,8568,7
34.84,-15764,-2472,8708,7
34.86,-15716,-2504,8748,7
34.88,-15640,-2552,8744,7
34.9,-15576,-2576,8768,7
34.92,-15572,-2572,8660,7
34.94,-15564,-2448,8572,7
34.96,-15508,-2508,8788,7
34.98,-15852,-2484,8684,7
35.0,-15744,-2524,8540,7
35.02,-15560,-2568,8672,7
35.04,-15456,-2528,8740,7
35.06,-15852,-2628,8624,7
35.08,-15880,-2560,8812,7
35.1,-15668,-2604,8452,7
35.12,-15524,-2408,8560,7
35.14,-15600,-2640,8812,7
35.16,-15672,-2480,8696,7
35.18,-15612,-2488,8820,7
35.2,-15496,-2484,8716,7
35.22,-15620,-2524,8644,7
35.24,-15388,-2516,8672,7
35.26,-15716,-2488,8688,7
35.28,-15936,-2568,8616,7
35.3,-15572,-2536,8564,7
35.32,-15396,-2576,8700,7
35.34,-15640,-2540,8620,7
35.36,-15784,-2472,8648,7
35.38,-15588,-2600,8500,7
35.4,-15304,-2496,8656,7
35.42,-15544,-2648,8740,7
35.44,-16024,-2520,8596,7
35.46,-15804,-2552,8588,7
35.48,-15312,-2536,8500,7
35.5,-15600,-2464,8560,7
35.52,-15840,-2348,8680,7
35.54,-15996,-2600,8604,7
35.56,-15772,-2772,8516,7
35.58,-15484,-2604,8652,7
35.6,-15516,-2492,8856,7
35.62,-15608,-2476,8920,7
35.64,-15292,-2456,8784,7
35.66,-15072,-2512,8968,7
35.68,-14912,-2348,9056,7
35.7,-15164,-2500,9336,7
35.72,-15848,-2780,9452,7
35.74,-15384,-2428,9308,7
35.76,-14500,-3040,9488,7
35.78,-14492,-2932,9356,7
35.8,-15264,-2784,9648,7
35.82,-15684,-2032,9604,7
35.84,-15368,-2624,9452,7
35.86,-15012,-2952,9104,7
35.88,-14984,-2748,8540,7
35.9,-15648,-2528,8260,7
35.92,-16332,-2660,8308,7
35.94,-16120,-2524,8168,7
35.96,-16256,-2684,7928,7
35.98,-17100,-2356,7404,7
36.0,-17040,-2708,7308,7
36.02,-16316,-2748,7572,7
36.04,-16036,-2020,7760,7
36.06,-15560,-2292,7732,7
36.08,-15508,-2660,7548,7
36.1,-15732,-2516,7224,7
36.12,-15936,-2224,7164,7
36.14,-16076,-2364,7348,7
36.16,-16000,-2460,7568,7
36.18,-16072,-2568,7368,7
36.2,-15964,-2436,7488,7
36.22,-15880,-2412,7752,7
36.24,-15712,-2556,7940,7
36.26,-15420,-2256,8216,7
36.28,-15248,-2228,8340,7
36.3,-15700,-2228,7964,7
36.32,-15948,-2604,7620,7
36.34,-16040,-2316,7184,7
36.36,-16096,-1940,7224,7
36.38,-16052,-2140,7096,7
36.4,-15944,-2596,6956,7
36.42,-16160,-2468,7132,7
36.44,-16452,-1864,7276,7
36.46,-15508,-2728,7464,7
36.48,-16016,-2992,6960,7
36.5,-16692,-1792,6628,7
36.52,-16356,-2540,6948,7
36.54,-16064,-2520,7172,7
36.56,-16180,-2388,7408,7
36.58,-15752,-2356,7216,7
36.6,-14732,-2332,7204,7
36.62,-15816,-2460,7364,7
36.64,-16592,-2268,7560,7
36.66,-15900,-1976,7592,7
36.68,-15648,-2636,7672,7
36.7,-16196,-2868,7280,7
36.72,-15968,-1980,6984,7
36.74,-15428,-2956,6940,7
36.76,-16632,-3036,6960,7
36.78,-16036,-2116,7340,7
36.8,-15436,-2504,7652,7
36.82,-16176,-2856,7156,7
36.84,-16752,-2792,6972,7
36.86,-16444,-1708,6916,7
36.88,-15528,-1420,7536,7
36.9,-15752,-2592,8256,7
36.92,-15496,-2040,8048,7
36.94,-15308,-2104,7900,7
36.96,-15244,-2544,7916,7
36.98,-16096,-2892,7220,7
37.0,-16404,-2240,6412,7
37.02,-16680,-2060,6576,7
37.04,-16384,-2172,6704,7
37.06,-15944,-2896,6684,7
37.08,-16204,-2344,6772,7
37.1,-15832,-1928,7420,7
37.12,-15272,-2632,7360,7
37.14,-16504,-2516,7000,7
37.16,-16160,-2108,6968,7
37.18,-15848,-1576,7512,7
37.2,-16092,-2856,7784,7
37.22,-16268,-2420,7120,7
37.24,-16692,-1836,6920,7
37.26,-16208,-1524,7332,7
37.28,-15148,-2920,7916,7
37.3,-15100,-3340,7200,7
37.32,-16176,-1784,6072,7
37.34,-16728,-1704,6368,7
37.36,-16248,-2652,6652,7
37.38,-16036,-3372,6068,7
37.4,-16284,-2804,5548,7
37.42,-16248,-1200,6328,7
37.44,-15564,-3688,6416,7
37.46,-15476,-3604,5520,7
37.48,-16300,-3116,4132,7
37.5,-17160,-1452,4456,7
37.52,-16152,-2672,5864,7
37.54,-16332,-3420,6336,7
37.56,-15260,-3536,6980,7
37.58,-12764,-1640,7384,7
37.6,-12628,-2024,7436,7
37.62,-17324,-3208,5844,7
37.64,-18740,-2948,4792,7
37.66,-17180,-3312,4440,7
37.68,-16840,-1748,4268,7
37.7,-15712,-2776,5100,7
37.72,-15956,-3216,5640,7
37.74,-16580,-2132,5720,7
37.76,-16468,-1988,6476,7
37.78,-16308,-1568,6912,7
37.8,-15732,-2036,6680,7
37.82,-15132,-2104,6544,7
37.84,-15268,-2056,5528,7
37.86,-16844,-1908,4852,7
37.88,-18112,-1668,4608,7
37.9,-16796,-2388,5068,7
37.92,-15824,-1872,5232,7
37.94,-16412,-2452,4892,7
37.96,-17180,-1792,4428,7
37.98,-16064,-2312,4704,7
38.0,-16388,-2064,4464,7
38.02,-17004,-2060,4216,7
38.04,-16508,-1768,5212,7
38.06,-14820,-1892,6456,7
38.08,-15640,-1972,5564,7
38.1,-16792,-2156,4264,7
38.12,-17296,-2200,3728,7
38.14,-16408,-1796,4372,7
38.16,-16020,-2316,5120,7
38.18,-16072,-2524,5764,7
38.2,-15176,-1516,5556,7
38.22,-16256,-1736,4996,7
38.24,-16452,-2240,4676,7
38.26,-16000,-2096,4752,7
38.28,-16456,-1944,4548,7
38.3,-16300,-2132,4684,7
38.32,-16012,-2252,4860,7
38.34,-16524,-2416,4276,7
38.36,-16844,-1660,3664,7
38.38,-16772,-1948,3864,7
38.4,-16496,-1924,4168,7
38.42,-16216,-1996,5240,7
38.44,-15136,-2412,6048,7
38.46,-15688,-1880,4732,7
38.48,-17184,-2172,3480,7
38.5,-17676,-2220,3412,7
38.52,-16444,-1940,4540,7
38.54,-15384,-2008,5644,7
38.56,-15264,-2060,5380,7
38.58,-16024,-2156,4812,7
38.6,-16440,-2092,4576,7
38.62,-16620,-1840,4224,7
38.64,-16908,-2348,4288,7
38.66,-16000,-2144,4788,7
38.68,-15612,-2048,5220,7
38.7,-16368,-2164,4580,7
38.72,-16900,-1852,3800,7
38.74,-16632,-2100,4396,7
38.76,-15872,-1984,4692,7
38.78,-16232,-2124,4492,7
38.8,-17000,-2072,4080,7
38.82,-16908,-1916,4428,7
38.84,-16336,-2388,4812,7
38.86,-16156,-2244,5032,7
38.88,-15760,-2040,5312,7
38.9,-16240,-1856,5296,7
38.92,-15728,-2096,5456,7
38.94,-15980,-2152,5292,7
38.96,-16088,-1764,5264,7
38.98,-15648,-1800,5552,7
39.0,-15736,-2148,5216,7
39.02,-17408,-2132,4084,7
39.04,-17284,-2372,4176,7
39.06,-15740,-2116,5260,7
39.08,-15264,-2348,5692,7
39.1,-16852,-2120,4348,7
39.12,-16728,-2032,4296,7
39.14,-16700,-2104,4496,7
39.16,-16204,-2088,4744,7
39.18,-16396,-1936,4988,7
39.2,-16232,-2172,5068,7
39.22,-16268,-2140,5012,7
39.24,-15404,-2220,5164,7
39.26,-16156,-2064,4892,7
39.28,-16660,-2032,4620,7
39.3,-16624,-2204,4636,7
39.32,-16460,-2052,4612,7
39.34,-16100,-1944,4904,7
39.36,-15880,-2184,4948,7
39.38,-16612,-2084,4612,7
39.4,-16468,-2064,4752,7
39.42,-15864,-2024,5112,7
39.44,-15584,-1956,5472,7
39.46,-15852,-2024,5316,7
39.48,-16432,-2320,4516,7
39.5,-17588,-1932,3564,7
39.52,-17040,-2316,3864,7
39.54,-15880,-1856,4752,7
39.56,-15628,-1864,5320,7
39.58,-16300,-2084,5160,7
39.6,-16380,-2076,4488,7
39.62,-16448,-2084,4324,7
39.64,-16656,-2132,4356,7
39.66,-16796,-2132,4364,7
39.68,-16848,-2116,4320,7
39.7,-16632,-2008,4720,7
39.72,-16656,-1748,4824,7
39.74,-16820,-1908,5068,7
39.76,-16248,-2196,5832,7
39.78,-15516,-1984,6332,7
39.8,-14936,-2556,6692,7
39.82,-15044,-2100,6872,7
39.84,-15252,-1988,6080,7
39.86,-15824,-1904,5064,7
39.88,-16692,-2224,5212,7
39.9,-16940,-1912,5244,7
39.92,-16100,-1864,5904,7
39.94,-16320,-1752,6344,7
39.96,-15588,-1964,6508,7
39.98,-15564,-1840,6184,7
40.0,-16076,-1584,5928,7
40.02,-16908,-1784,5224,7
40.04,-16732,-1904,4412,7
40.06,-16720,-1968,3868,7
40.08,-16552,-2092,3412,7
40.1,-16460,-2216,2880,7
40.12,-16072,-2032,2896,7
40.14,-15776,-2112,3020,7
40.16,-16068,-1872,3752,7
40.18,-16688,-1896,4712,7
40.2,-16384,-1828,4836,7
40.22,-16508,-1596,4676,7
40.24,-16328,-1728,4440,7
40.26,-16096,-1908,4216,7
40.28,-16108,-1944,3656,7
40.3,-16340,-1864,3652,7
40.32,-16436,-1784,4080,7
40.34,-16228,-1820,4488,7
40.36,-16428,-1652,4476,7
40.38,-16728,-1644,3996,7
40.4,-16276,-1576,3808,7
40.42,-16460,-1444,3868,7
40.44,-16464,-1536,4092,7
40.46,-16220,-1532,4356,7
40.48,-16128,-1536,4576,7
40.5,-16536,-1532,4588,7
40.52,-16424,-1504,4184,7
40.54,-16324,-1692,4020,7
40.56,-16156,-1672,4048,7
40.58,-16368,-1600,4044,7
40.6,-16384,-1476,4092,7
40.62,-16240,-1592,4256,7
40.64,-15868,-1428,4484,7
40.66,-16292,-1552,4416,7
40.68,-16356,-1452,4136,7
40.7,-16460,-1672,3980,7
40.72,-16288,-1468,4216,7
40.74,-16032,-1548,4764,7
40.76,-16060,-1468,4560,7
40.78,-16644,-1344,3796,7
40.8,-16716,-1536,3600,7
40.82,-16680,-1480,3688,7
40.84,-16560,-1368,4044,7
40.86,-16288,-1556,4340,7
40.88,-16132,-1468,4308,7
40.9,-15760,-1580,4124,7
40.92,-15924,-1460,3932,7
40.94,-16392,-1600,3872,7
40.96,-16476,-1360,4176,7
40.98,-16344,-1400,4296,7
41.0,-16952,-1428,4048,7
41.02,-16976,-1568,3756,7
41.04,-16904,-1388,3660,7
41.06,-15092,-1556,4392,7
41.08,-15796,-1372,3968,7
41.1,-16740,-1596,3152,7
41.12,-16648,-1528,3484,7
41.14,-15488,-1424,4292,7
41.16,-16224,-1412,4316,7
41.18,-16776,-1432,3612,7
41.2,-16104,-1324,4080,7
41.22,-15552,-1484,4192,7
41.24,-15652,-1392,4124,7
41.26,-16776,-1196,3760,7
41.28,-16988,-1076,3584,7
41.3,-16836,-1028,3020,7
41.32,-16344,-824,3080,7
41.34,-15852,-1064,3340,7
41.36,-16144,-956,3320,7
41.38,-17320,-920,2864,7
41.4,-17336,-792,2580,7
41.42,-16688,-932,2656,7
41.44,-16276,-1064,3168,7
41.46,-16596,-1000,3020,7
41.48,-16796,-664,2852,7
41.5,-16608,-824,2412,7
41.52,-16988,-1644,1824,7
41.54,-16844,-1444,2032,7
41.56,-16552,-1312,3528,7
41.58,-16044,-1748,4132,7
41.6,-16164,-1792,4196,7
41.62,-16072,-848,4608,7
41.64,-16744,-1656,4372,7
41.66,-16468,-1772,4060,7
41.68,-16824,-1852,3868,7
41.7,-16944,-2000,3856,7
41.72,-16736,-2000,4568,7
41.74,-17120,-2256,4788,7
41.76,-17052,-2492,4880,7
41.78,-16976,-2376,5384,7
41.8,-18516,-2152,5568,7
41.82,-21016,-1452,5668,7
41.84,-18236,-2628,4340,7
41.86,-16864,-3888,3208,7
41.88,-17880,-2748,2980,7
41.9,-18620,-2384,4544,7
41.92,-16048,-3212,6320,7
41.94,-11496,-2920,8916,7
41.96,-8580,-2924,11836,7
41.98,-9540,-3476,13204,7
42.0,-12448,-3852,13016,7
42.02,-14448,-3528,11916,7
42.04,-15812,-3548,11168,7
42.06,-15012,-3484,10944,7
42.08,-14244,-3184,11964,7
42.1,-13408,-4536,11800,7
42.12,-11436,-5312,10880,7
42.14,-11564,-4684,9660,7
42.16,-12620,-5428,8160,7
42.18,-14884,-6016,7304,7
42.2,-14320,-5044,7508,7
42.22,-13504,-3940,8916,7
42.24,-14244,-5704,9660,7
42.26,-14680,-4820,8968,7
42.28,-14732,-4772,7960,7
42.3,-15596,-4024,7612,7
42.32,-14516,-4612,8128,7
42.34,-14128,-4984,7200,7
42.36,-15252,-4312,6948,7
42.38,-15376,-3884,6924,7
42.4,-15916,-3456,6340,7
42.42,-16848,-3824,6328,7
42.44,-16552,-3440,6056,7
42.46,-16452,-3784,6312,7
42.48,-17336,-3364,6420,7
42.5,-18216,-3544,5940,7
42.52,-17528,-3468,6160,7
42.54,-16528,-3376,6640,7
42.56,-16168,-3456,7216,7
42.58,-15456,-3176,8032,7
42.6,-14540,-2984,8600,7
42.62,-14812,-3056,8832,7
42.64,-14896,-3328,8472,7
42.66,-15200,-3296,8356,7
42.68,-15864,-3400,7944,7
42.7,-15764,-3520,7576,7
42.72,-15384,-2896,7588,7
42.74,-16192,-3144,7456,7
42.76,-17560,-3244,7656,7
42.78,-17336,-3252,7784,7
42.8,-16144,-3120,8180,7
42.82,-14792,-3300,8208,7
42.84,-13396,-3372,7660,7
42.86,-14032,-3468,7292,7
42.88,-15160,-3648,6868,7
42.9,-15112,-3560,6572,7
42.92,-15128,-3596,5860,7
42.94,-15812,-3696,5144,7
42.96,-16348,-3340,4916,7
42.98,-16680,-3128,5180,7
43.0,-16976,-2564,5832,7
43.02,-17432,-1408,7372,7
43.04,-17224,-1648,8788,7
43.06,-16300,-2344,10112,7
43.08,-15812,-2024,10448,7
43.1,-15240,-1468,9924,7
43.12,-14604,-2280,9404,7
43.14,-14792,-2724,8380,7
43.16,-15588,-2348,7504,7
43.18,-16168,-2436,7388,7
43.2,-16416,-2584,7092,7
43.22,-16160,-2696,7092,7
43.24,-15932,-2452,7132,7
43.26,-16104,-2260,7216,7
43.28,-16120,-2412,7392,7
43.3,-16084,-2692,7372,7
43.32,-16444,-2324,7256,7
43.34,-16352,-1824,7448,7
43.36,-15936,-2300,7564,7
43.38,-15532,-2868,7552,7
43.4,-15964,-2704,7224,7
43.42,-16448,-2684,7184,7
43.44,-16344,-2416,7240,7
43.46,-15896,-2640,7044,7
43.48,-15792,-2676,6956,7
43.5,-16108,-2468,6904,7
43.52,-16076,-2424,6956,7
43.54,-16048,-2492,7044,7
43.56,-15808,-2724,7020,7
43.58,-15968,-2584,6868,7
43.6,-15984,-2480,6764,7
43.62,-16056,-2584,7036,7
43.64,-16000,-2724,7140,7
43.66,-15944,-2680,7044,7
43.68,-15840,-2536,7068,7
43.7,-15984,-2456,7076,7
43.72,-15800,-2740,7004,7
43.74,-15660,-2696,6896,7
43.76,-15972,-2580,6848,7
43.78,-16108,-2456,6672,7
43.8,-16072,-2556,6880,7
43.82,-15888,-2704,6916,7
43.84,-15796,-2584,6748,7
43.86,-16128,-2704,6996,7
43.88,-16368,-2540,7048,7
43.9,-15852,-2700,7116,7
43.92,-15876,-2704,6896,7
43.94,-16072,-2576,6780,7
43.96,-16156,-2368,7008,7
43.98,-15800,-2608,7088,7
44.0,-15828,-2692,7032,7
44.02,-16148,-2552,6736,7
44.04,-16232,-2696,6632,7
44.06,-16116,-2580,6804,7
44.08,-15920,-2524,6824,7
44.1,-15916,-2584,6936,7
44.12,-16028,-2572,7012,7
44.14,-16048,-2628,7028,7
44.16,-15956,-2496,7024,7
44.18,-16008,-2632,6868,7
44.2,-15900,-2736,6984,7
44.22,-15908,-2612,6916,7
44.24,-16056,-2516,7120,7
44.26,-15856,-2496,7096,7
44.28,-15764,-2604,7072,7
44.3,-15996,-2612,7036,7
44.32,-15996,-2564,7048,7
44.34,-15960,-2484,6976,7
44.36,-15828,-2628,7008,7
44.38,-15912,-2620,7000,7
44.4,-15932,-2604,6976,7
44.42,-16120,-2560,7004,7
44.44,-15924,-2632,6976,7
44.46,-15892,-2560,7028,7
44.48,-16236,-2644,6860,7
44.5,-16160,-2560,7036,7
44.52,-15704,-2724,7016,7
44.54,-16012,-2624,7004,7
44.56,-16076,-2524,6936,7
44.58,-16120,-2704,6984,7
44.6,-15964,-2556,7020,7
44.62,-15820,-2488,7116,7
44.64,-15924,-2604,6892,7
44.66,-16064,-2712,6996,7
44.68,-16160,-2512,6936,7
44.7,-16028,-2484,6996,7
44.72,-16012,-2640,7020,7
44.74,-16056,-2592,7112,7
44.76,-15760,-2440,7092,7
